Aarbøger for nordisk oldkyndighed og historie,AarbKøb
Abhandlungen der Akademie der Wissenschaften zu Göttingen. Philologisch-Historische Klasse,AbhGöttingen
Abhandlungen der Deutschen Akademie der Wissenschaften zu Berlin,AbhBerlin
Abhandlungen der Deutschen Orient-Gesellschaft,ADOG
Abhandlungen der Rheinisch-Westfälischen Akademie der Wissenschaften,AbhDüsseldorf
Abhandlungen der Sächsischen Akademie der Wissenschaften zu Leipzig. Philologisch-Historische Klasse,AbhLeipzig
"Abhandlungen des Deutschen Archäologischen Instituts, Abteilung Kairo",ADAIK
"Abr-Nahrain. An Annual Published by the Department of Middle Eastern Studies, University of Melbourne",Abr-Nahrain
Académie des inscriptions et belles-lettres. Comptes rendus des séances de l’Académie,CRAI
Accademie e biblioteche d’Italia,AcBibl
"Achse, Rad und Wagen. Beiträge zur Geschichte der Landfahrzeuge",Achse
Acme. Annali della Facoltà di lettere e filosofia dell’Università degli studi di Milano,Acme
Acontia. Revista de arqueología,Acontia
Acta Academiae Aboensis,ActaAcAbo
Acta ad archaeologiam et artium historiam pertinentia,ActaAArtHist
Acta ad archaeologiam et artium historiam pertinentia. Series altera in 8°,ActaAArtHist s.a.
Acta antiqua Academiae scientiarum Hungaricae,ActaAntHung
Acta archaeologica Academiae scientiarum Hungaricae,ActaArchHung
Acta archaeologica Carpathica,ActaACarp
Acta archaeologica Lovaniensia,ActaALov
Acta archaeologica Lovaniensia. Monographiae,ActaALovMono
Acta archaeologica. København,ActaArch
Acta Associationis internationalis »Terra antiqua balcanica«,TerraAntBalc
Acta classica Universitatis scientiarum Debreceniensis,ActaClDebrec
Acta classica. Proceedings of the Classical Association of South Africa,ActaCl
Acta historica. Societas academica Dacoromana,ActaHistDac
Acta hyperborea. Danish Studies in Classical Archaeology,ActaHyp
Acta Instituti Atheniensis regni Sueciae,ActaAth
Acta Instituti Romani Finlandiae,ActaInstRomFin
Acta Musei Napocensis,ActaMusNapoca
Acta Musei Porolissensis,ActaMusPorol
Acta numismática (Barcelona),ActaNum
Acta orientalia (Kopenhagen),ActaOr
Acta orientalia Academiae scientiarum Hungaricae,ActaOrHung
Acta philologica. Societas academica Dacoromana,ActaPhilSocDac
Acta praehistorica et archaeologica,ActaPraehistA
Acta Universitatis Nicolai Copernici. Archaeologia,ActaTorunA
Acta Universitatis Nicolai Copernici. Historia,ActaTorunHist
Adalya. Annual of the Suna & Inan Kiraç-Research Institute on Mediterranean Civilizations,Adalya
Adumatu. A Semi-Annual Archeological Refereed Journal on the Arab World,Adumatu
Advances in Archaeological Method and Theory,AMethTh
Aegaeum. Annales d’archéologie égéenne de l’Université de Liège,Aegaeum
Aegean Archaeology,AeA
Ägypten und Levante. Egypt and the Levant. Internationale Zeitschrift für ägyptische Archäologie und deren Nachbargebiete,ÄgLev
Aevum antiquum,AevumAnt
Aevum. Rassegna di scienze storiche linguistiche e filologiche,Aevum
"Africa. Institut national d’archéologie et d’art, Tunis",Africa
Aitna. Quaderni di topografia antica,Aitna
Akademie der Wissenschaften und der Literatur in Mainz. Abhandlungen der Geistes- und Sozialwissenschaftlichen Klasse,AbhMainz
Alba Regia. Annales Musei Stephani regis,Alba Regia
Alma mater studiorum Almanacco calabrese Almoraima,AlmaMaterSt
‘Alon mahleqat ha-’atiqot šel medinat Jisra’el,AlonJisrael
Altamura. Bollettino dell’Archivio-biblioteca-museo civico,Altamura
Alter Orient und Altes Testament. Veröffentlichungen zur Kultur und Geschichte des Alten Orients und des Alten Testaments,AOAT
Altertümer von Pergamon,AvP
Alto medioevo,AltoMed
Altorientalische Forschungen,AoF
Alt-Thüringen,AltThür
Al-Qanniš. Boletín del Taller de arqueología de Alcañiz,Al-Qanniš
American Journal of Ancient History,AmJAncHist
American Journal of Archaeology,AJA
American Journal of Numismatics,AmJNum
American Journal of Philology,AJPh
American Numismatic Society. Numismatic Notes and Monographs,NNM
American Studies in Papyrology,AmStP
Anadolu araştırmaları. Jahrbuch für kleinasiatische Forschung,AnadoluAraş
Anadolu Medeniyetleri Müzesi konferansları,AnadoluKonf
Anadolu Medeniyetleri Müzesi yıllığı,AnadoluYıl
Anagennesis. A Papyrological Journal,Anagennesis
Anais do municípo de Faro,AnMunFaro
Analecta Aegyptiaca,AnAe
Analecta Bollandiana,AnalBolland
Analecta orientalia. Commentationes scientificae de rebus orientis antiqui,AnOr
Analecta papyrologica,AnalP
Analecta Romana Instituti Danici,AnalRom
Anales de arqueología cordobesa,AnCord
Anales de prehistoria y arqueología. Universidad de Murcia,AnMurcia
Anas. Museo nacional de arte romano de Mérida,Anas
Anatolia. Revue annuelle de l’Institut d’archéologie de l’Université d’Ankara,Anatolia
Anatolian Archaeology. Reports on Research Conducted in Turkey,AnatA
Anatolian Studies,AnSt
Ancient Civilizations from Scythia to Siberia. An International Journal of Comparative Studies in History and Archaeology,AncCivScytSib
The Ancient History Bulletin,AncHistB
The Ancient India,AncInd
Ancient Near Eastern Studies. An Annual,AncNearEastSt
Ancient Society,AncSoc
Ancient West and East,AncWestEast
The Ancient World,AncW
Les annales archéologiques arabes syriennes,AAS
Les annales des pays Nivernais,AnnNivern
Annales d’Éthiopie,AnnEth
Annales d’histoire et d’archéologie,AnnHistA
Annales du Service des antiquités de l’Égypte,ASAE
Annales Universitatis scientiarum Budapestinensis de Rolando Eötvös nominatae,AnnUnBud
"Annales. Economies, sociétés, civilisations",AnnEconSocCiv
"Annales. Histoire, sciences sociales",AnnHistScSoc
Annali Benacensi,AnnBenac
"Annali del Museo civico di Rovereto. Sezione archeologia, storia, scienze naturali",AnnMusRov
Annali della Facoltà di lettere e filosofia dell’Università di Cagliari,AnnCagl
"Annali della Facoltà di lettere e filosofia, Università degli studi di Perugia, 1. Studi classici",AnnPerugia
"Annali della Facoltà di lettere e filosofia, Università degli Studi, Bari",AnnBari
"Annali della Facoltà di lettere e filosofia, Università di Macerata",AnnMacerata
"Annali della Facoltà di lettere e filosofia, Università di Napoli",AnnNap
"Annali della Facoltà di lettere e filosofia, Università di Siena",AnnSiena
Annali della Facoltà di magistero dell’Università di Cagliari,AnnCaglMag
Annali della Fondazione per il Museo Claudio Faina,AnnFaina
Annali della Scuola normale superiore di Pisa,AnnPisa
Annali dell’Instituto di corrispondenza archeologica,AdI
Annali dell’Istituto universitario orientale di Napoli. Dipartimento di studi del mondo classico e del Mediterraneo antico. Sezione di archeologia e storia antica,AIONArch
Annali dell’Istituto universitario orientale di Napoli. Dipartimento di studi del mondo classico e del Mediterraneo antico. Sezione filologicoletteraria,AIONFil
Annali dell’Istituto universitario orientale di Napoli. Dipartimento di studi del mondo classico e del Mediterraneo antico. Sezione linguistica,AIONLing
Annali dell’Università di Lecce. Facoltà di lettere e filosofia e di magistero,AnnLecce
Annali Zavoda za povijesne znanosti Istraživačkog centra Jugoslavenske akademije znanosti i umjetnosti u Dubrovniku,AnDubr
Annali. Associazione nomentana di storia e archeologia,AnnNoment
Annali. Istituto italiano di numismatica,AnnIstItNum
"Annali. Rivista del Dipartimento di studi asiatici e del Dipartimento di studi e ricerche su Africa e paesi arabi, Istituto universitario orientale di Napoli",AnnOrNap
Annali. Sezione di archeologia e storia antica. Istituto universitario orientale di Napoli. Dipartimento di studi del mondo classico e del Mediterraneo antico,AnnAStorAnt
L’année épigraphique,AE
L’année philologique,APh
Annotazioni numismatiche,AnnotNum
Annuaire de l’Institut de philologie et d’histoire orientales et slaves (Université Libre de Bruxelles),AIPhOr
Annual Byzantine Studies Conference. Abstracts of Papers,AnnByzConf
Annual Egyptological Bibliography,AnnEgBibl
The Annual of Leeds University Oriental Society,AnnLeedsUnOrSoc
The Annual of the American Schools of Oriental Research,AASOR
The Annual of the British School at Athens,BSA
Annual of the Department of Antiquities of Jordan,AAJ
Annual Report of Council. British School of Archaeology at Athens,AnnRepBSA
"Annual Report of the Department of Antiquities, Republic of Cyprus",AnnRepCypr
The Annual Report of the Fogg Art Museum,AnnRepFoggArtMus
Annual Report. The Society for Libyan Studies,RepSocLibSt
Annual (Report). Worcester Art Museum,AnnWorcArtMus
Annuario bibliografico di archeologia. Modena,AnnBiblAModena
"Annuario bibliografico di archeologia. Nuove accessioni del ... . Biblioteca dell’Istituto nazionale di archeologia e storia dell’arte, Roma",AnnBiblARom
Annuario della Accademia delle scienze di Torino,AnnAcTorino
Annuario della Accademia nazionale dei Lincei,AnnuarioAcLinc
Annuario della Pontificia accademia romana di archeologia,AnnPontAcRom
Annuario della Scuola archeologica di Atene e delle missioni italiane in Oriente,ASAtene
Annuario. Accademia etrusca di Cortona,AnnAcEtr
Annuario. Istituto giapponese di cultura in Roma,AnnIstGiapp
"Annuario. Liceo-ginnasio statale G. Palmieri, Lecce",AnnuarioLecce
Anodos. Studies of Ancient World,Anodos
Der Anschnitt. Mitteilungsblatt der Vereinigung der Freunde von Kunst und Kultur im Bergbau,Anschnitt
Antaeus. Communicationes ex Instituto archaeologico Academiae scientiarum hungaricae,Antaeus
Ανθρωπολογικά και Αρχαιολογικά Χρονικά,AnthrAChron
Άνθρωπος. Όργανο της Ανθρωπολογικής Εταιρείας Ελλάδος,Anthropos
Antichità pisane,AntPisa
Antichthon. Journal of the Australian Society for Classical Studies,Antichthon
Antigüedad y cristianismo. Monografías históricas sobre la antigüedad tardía,AntigCr
Antike Denkmäler,AD
Antike Gemmen in deutschen Sammlungen,AGD
Antike Kunst,AntK
Antike Münzen und geschnittene Steine,AMuGS
Antike Plastik,AntPl
Antike und Abendland,AuA
Antike und Christentum,AntChr
Antike Welt. Zeitschrift für Archäologie und Kulturgeschichte,AW
Die antiken Sarkophagreliefs,ASR
Antipolis. A Journal of Mediterranean Archaeology,Antipolis
Antiqua. Rivista dell’Archeoclub d’Italia,Antiqua
The Antiquaries Journal,AntJ
L’antiquité classique,AntCl
Antiquité tardive. Revue internationale d’histoire et d’archéologie,AntTard
Antiquités africaines,AntAfr
Antiquités nationales. Saint-Germain-en-Laye,AntNat
Antiquity and Survival,AntSurv
Antiquity. A Quarterly Review of Archaeology,Antiquity
Anuario arqueológico de Andalucía,AnArqAnd
Anzeiger für die Altertumswissenschaft,AnzAW
"Anzeiger. Österreichische Akademie der Wissenschaften, Philosophisch-Historische Klasse",AnzWien
Apollo. Bolletino dei musei provinciali del Salernitano,Apollo
Apollo. The International Magazine of the Arts,ApolloLond
"Appunti romani di filologia. Studi e comunicazioni di filologia, linguistica e letteratura greca e latina",AppRomFil
Apulum. Acta Musei Apulensis,Apulum
Aquila legionis. Cuadernos des estudios sobre el ejército romano,AquiLeg
Aquileia nostra. Bollettino dell’Associazione nazionale per Aquileia,AquilNost
Aquitania. Une revue inter-régionale d’archéologie,Aquitania
Arabian Archaeology and Epigraphy,ArabAEpigr
Araştırma Sonuçları Toplantısı,AST
Arbeits- und Forschungsberichte zur sächsischen Bodendenkmalpflege,ArbFBerSächs
Archäographie. Archäologie und elektronische Datenverarbeitung,Archäographie
Archaeologia Austriaca,AAustr
Archaeologia Bulgarica,ABulg
Archaeologia Cantiana,ACant
Archaeologia geographica,AGeo
Archaeologia Homerica,ArchHom
Archaeologia Jugoslavica,AJug
"Archaeologia medievale. Cultura materiale, insediamenti, territorio",AMediev
Archaeologia Mosellana,AMosel
Archaeologia or Miscellaneous Tracts Relating to Antiquity Published by the Society of Antiquaries of London,Archaeologia
Archaeologia Polona,APol
Archaeologiai értesitő,AErt
The Archaeological Advertiser,AAdv
Archaeological and Historical Studies. The Archaeological Society of Alexandria,AHistStAlex
Archaeological News,ANews
The Archaeological News Letter,ANL
Archaeological Reports,ARepLond
Archäologie der Schweiz. Mitteilungsblatt der Schweizerischen Gesellschaft für Ur- und Frühgeschichte,ASchw
Archäologie des Kantons Solothurn,ASoloth
Archäologie in Deutschland,AiD
Archäologie in Sachsen-Anhalt,ASachs
Archäologie und Naturwissenschaften,ANaturwiss
Archäologische Ausgrabungen in Baden-Württemberg,AAusgrBadWürt
Archäologische Berichte aus dem Yemen,ABADY
Archäologische Forschungen,AF
Archäologische Informationen. Mitteilungen zur Ur- und Frühgeschichte,AInf
Das archäologische Jahr in Bayern,AJahrBay
Archäologische Mitteilungen aus Iran,AMI
Archäologische Mitteilungen aus Iran und Turan,AMIT
Archäologische Nachrichten aus Baden,ANachrBad
Archäologische Sammlung der Universität Zürich,ASammlUnZürch
"Archäologische Veröffentlichungen. Deutsches Archäologisches Institut, Abteilung Kairo",AV
Archäologische Zeitung,AZ
Archäologischer Anzeiger,AA
Archäologisches Korrespondenzblatt,AKorrBl
Archäologisches Nachrichtenblatt,ANachr
Archaeology. A Magazine Dealing with the Antiquity of the World,Archaeology
"Archaeometry. Bulletin of the Research Laboratory for Archaeology and History of Art, Oxford University",Archaeometry
Αρχαιογνωσία,Archaiognosia
Αρχαιολογικά Ανάλεκτα εξ Αθηνών,AAA
Αρχαιολογική Eφημερίς,AEphem
Το Αρχαιολογικό Έργο στη Μακεδονία και Θράκη,AErgoMak
Αρχαιολογικόν Δελτίον Μελέτες,ADelt A
Αρχαιολογικόν Δελτίον Χρονικά,ADelt B
Αρχείον Ευβοϊκών Μελετών,ArchEubMel
Αρχείον των Βυζαντινών Μνημείων της Ελλάδος,ArchByzMnem
Archeo. Attualità del passato,Archeo
Archeografo triestino,ArcheogrTriest
Archeologia classica,ArchCl
Archeologia Corsa,ACors
Archeologia dell’architettura,AArchit
Archeologia dell’Emilia-Romagna,AEmil
"Archeologia delle acque. Rivista semestrale di antropologia, archeologia, etnografia, storia dell’acqua",AAcque
Archeologia delle Alpi,AAlpi
Archeologia e calcolatori,ACalc
Archeologia e società,ASoc
Archeologia in Campania. Bolletino di informazioni a cura della Soprintendenza archeologica delle province di Napoli e Caserta,ACamp
"Archeologia subacquea. Studi, ricerche e documenti",ASubacq
Archeologia veneta,AVen
Archeologia viva,AViva
"Archeologia, Paris. L’archéologie dans le monde et tout ce qui concerne les recherches historiques, artistiques et scientifiques sur terre et dans les mers",ArcheologiaParis
"Archeologia, uomo, territorio. Rivista dei Gruppi archeologici Nord Italia",AUTerr
Archeologia. Rivista bimestrale. Roma,ArcheologiaRoma
"Archeologia. Rocznik Instytutu archeologii i etnologii, Polskiej akademii nauk",ArcheologiaWarsz
Archeologičeskie otkrytija,AOtkryt
Archeologičeskij sbornik. Gosudarstvennyj ordena Lenina Ermitaž,ASbor
Archeologické rozhledy,ARozhl
Archeologični pamjatki URSR,APamKiiv
Archéologie du Nil moyen,ANilMoy
Archéologie en Bretagne. Bulletin d’information,ABret
Archeologija. Nacional’na akademija nauk Ukraini. Institut archeologii,ArcheologijaKiiv
Archeologija. Organ na Archeologičeskija institut i muzej (pri Bălgarskata akademii nauk),ArcheologijaSof
L’archeologo subacqueo. Quadrimestrale di archeologia subacquea e navale,ASub
Architectura. Zeitschrift für Geschichte der Baukunst,Architectura
Archiv für Begriffsgeschichte,ArchBegriffsGesch
Archiv für Orientforschung,AfO
Archiv für Papyrusforschung und verwandte Gebiete,ArchPF
Archiv für Religionsgeschichte,ArchRel
Archív orientální. Quarterly Journal of African and Asian Studies,ArOr
"Archív orientální. Quarterly Journal of African, Asian and Latin American Studies. Monografie Archívu orientálního",ArOrMono
"Archív orientální. Quarterly Journal of African, Asian and Latin American Studies. Supplementa",ArOrSuppl
Archivi. Archivi d’Italia e rassegna internazionale degli archivi,Archivi
Archivio della Società romana di storia patria,ArchStorRom
Archivio storico per la Calabria e la Lucania,ArchStorCal
Archivio storico per la Sicilia orientale,ArchStorSicOr
Archivio storico pugliese,ArchStorPugl
Archivio storico siracusano,ArchStorSir
Archivo de prehistoria levantina,ArchPrehistLev
Archivo español de arqueología,AEspA
Arctos. Acta philologica Fennica,Arctos
"Argo. Časopis slovenskih muzejev, Narodni Muzej Slovenije",Argo
Arheologia Moldovei,AMold
Arheološki pregled. Arheološko društvo Jugoslavije,APregl
Arheološki radovi i rasprave,ARadRaspr
Arheološki vestnik (Ljubljana),AVes
Arkeoloji dergisi. Ege Üniversitesi Edebiyat Fakültesi,ADerg
Arqueologia e história,AHist
O arqueólogo português,APort
"Arquivo de Beja. Boletim, estudos, arquivo",ArquivoBeja
Ars Georgica,ArsGeorg
Arse. Boletín del Centro arqueológico saguntino,Arse
The Art Bulletin,ArtB
Art et archéologie en Rhône-Alpes,ArtARhône
Art Journal,ArtJ
Arte antica e moderna,ArtAntMod
Arte lombarda,ArtLomb
Arte medievale,ArtMediev
Artibus Asiae,ArtAs
Arts in Virginia,ArtVirg
Asia Minor Studien,AMS
Assaph. Studies in Art History,Assaph
The Assyrian Dictionary of the Oriental Institute of the University of Chicago,CAD
Assyriological Miscellanies,AssyrMisc
Atene e Roma,AeR
Athenaeum. Studi di letteratura e storia dell’antichità,Athenaeum
The Athenian Agora,Agora
‘Atiqot. Journal of the Israel Department of Antiquities,Atiqot
‘Atiqot. Journal of the Israel Department of Antiquities. Hebrew Series,AtiqotHeb
Atlal. The Journal of Saudi Arabian Archaeology,Atlal
Atti de la Accademia delle scienze dell’Istituto di Bologna. Memorie,MemBologna
Atti dei Civici musei di storia ed arte di Trieste,AttiMusTrieste
Atti della Accademia delle scienze dell’Istituto di Bologna. Rendiconti,RendBologna
"Atti della Accademia delle scienze di Torino, 2. Classe di scienze morali, storiche e filologiche",AttiAcTorino
"Atti della Accademia di scienze, lettere e arti di Palermo. Lettere",AttiPalermo
Atti della Accademia pontaniana,AttiAcPontan
"Atti della Accademia Roveretana degli Agiati. Contributi della classe di scienze umane, di lettere ed arti",AttiAcRov
Atti della Pontificia accademia romana di archeologia. Memorie,MemPontAc
Atti della Società per la preistoria e protostoria della regione Friuli – Venezia Giulia,AttiSocFriuli
"Atti dell’Accademia nazionale dei Lincei, Classe di scienze morali, storiche e filologiche. Memorie",MemLinc
Atti e memorie della Società dalmata di storia patria,AttiMemDal
Atti e memorie della Società istriana di archeologia e storia patria,AttiMemIstria
Atti e memorie della Società Magna Grecia,AttiMemMagnaGr
Atti e memorie della Società tiburtina di storia e d’arte,AttiMemTivoli
Atti e memorie dell’Academia toscana di scienze e lettere »La Columbaria«,AttiMemFirenze
Atti e memorie. Deputazione di storia patria per le antiche provincie modenesi,AttiMemModena
Atti e memorie. Deputazione di storia patria per le province di Romagna,AttiMemBologna
"Atti. Centro di ricerche storiche, Rovigno",AttiRovigno
Atti. Centro ricerche e documentazione sull’antichità classica,AttiCAntCl
Atti. Centro studi e documentazione sull’Italia romana,AttiCItRom
"Atti. Istituto veneto di scienze, lettere ed arti",AttiVenezia
Aufstieg und Niedergang der römischen Welt,ANRW
Aula orientalis. Revista de estudios del Próximo Oriente antiguo,AulaOr
Ausgrabungen der Deutschen Forschungsgemeinschaft in Uruk-Warka,ADFU
Ausgrabungen in Alt-Paphos auf Cypern,Alt-Paphos
Ausgrabungen in Uruk-Warka. Endberichte,AUWE
Ausgrabungen und Funde in Westfalen-Lippe,AusgrFuWestf
Ausgrabungen und Funde. Nachrichtenblatt der Landesarchäologie,AusgrFu
Ayasofia Müzesi yıllığı. Annual of Ayasofya Museum,AyasofyaMüzYıl
Azotea. Revista de cultura del Ayuntamiento de Coria del Río,Azotea
Baalbek. Ergebnisse der Ausgrabungen und Untersuchungen in den Jahren 1898 bis 1905,Baalbek
Badische Fundberichte,BadFuBer
"Baetica. Estudios de arte, geografía e historia",Baetica
Baghdader Forschungen,BaF
Baghdader Mitteilungen,BaM
Balácai közlemények,BalacaiKöz
Balkan Studies,BalkSt
Bayerische Akademie der Wissenschaften. Jahrbuch,JbMünch
Bayerische Akademie der Wissenschaften. Philosophisch-Historische Klasse. Abhandlungen,AbhMünchen
Bayerische Akademie der Wissenschaften. Philosophisch-Historische Klasse. Sitzungsberichte,SBMünchen
Bayerische Vorgeschichtsblätter,BayVgBl
"Beazley Addenda2: Carpenter, T. H. (Hrsg.), Beazley Addenda 2(Oxford 1989)",Beazley Addenda2
"Beazley, J. D., Attic Black-figure Vase-painters (Oxford 1956)",ABV
"Beazley, J. D., Attic Red-figure Vase-painters 2(Oxford 1963)",ARV2
"Beazley, J. D., Etruscan Vase Painting (Oxford 1947)",EVP
"Beazley, J. D., Paralipomena. Additions to Attic Black-figure Vase-painters and to Attic Red-figure Vase-painters 2(Oxford 1971)","Beazley, Para."
Bedi Kartlisa. Revue de kartvélologie,BediKart
Beiträge zum römischen Oberwinterthur – Vitudurum. Ausgrabungen im Unteren Bühl,Vitudurum
Beiträge zur Allgemeinen und Vergleichenden Archäologie,BAVA
Beiträge zur Erschließung hellenistischer und kaiserzeitlicher Skulptur und Architektur,BeitrESkAr
Beiträge zur Namenforschung,BeitrNamF
Beiträge zur Sudanforschung,BeitrSudanF
Bellas artes (Madrid),BelArt
Belleten. Türk Tarih Kurumu,Belleten
Benàcus. Museo archeologico della Val Tenesi,Benàcus
Beni culturali e ambientali. Sicilia,BCASic
Bericht der Bayerischen Bodendenkmalpflege,BerBayDenkmPfl
Bericht der Deutschen Forschungsgemeinschaft,BerDFG
Bericht der Römisch-Germanischen Kommission,BerRGK
Bericht über die Ausgrabungen in Olympia,OlBer
Berichte über die Verhandlungen der Sächsischen Akademie der Wissenschaften zu Leipzig,BerVerhLeipz
Berichten van de Rijksdienst voor het oudheidkundig bodemonderzoek,BerOudhBod
Berliner Beiträge zur Archäometrie,BerlBeitrArchäom
Berliner Blätter für Vor- und Frühgeschichte,BerlBlVFrühGesch
Berliner Jahrbuch für Vor- und Frühgeschichte,BerlJbVFrühGesch
Berliner Museen,BerlMus
Berliner numismatische Zeitschrift,BerlNumZ
Berytus. Archaeological Studies,Berytus
The Biblical Archaeologist. The American School of Oriental Research New Haven,BibAr
"Bibliographie zur Symbolik, Ikonographie und Mythologie. Internationales Referateorgan",BiblSymb
Bibliotheca classica orientalis,BiblClOr
Bibliotheca orientalis,BiOr
"Bibliothèque d’études coptes, Institut français d’archéologie orientale, Kairo",BdEC
"Bibliothèque d’études, Institut français d’archéologie orientale, Kairo",BdE
Bibliothèque des Écoles françaises d’Athènes et de Rome,BEFAR
Biblische Zeitschrift,BZ
Biogradski zbornik,BiogrZbor
Blätter für Münzfreunde und Münzforschung,BlMüFreundeF
Boğazköy-Hattuša. Ergebnisse der Ausgrabungen,Boğazköy-Hattuša
Boletín auriense,BAur
Boletín de la Asociación española de orientalistas,BEspOr
Boletín de la Comisión provincial de monumentos históricos y artísticos de Lugo,BLugo
Boletín de la Institución »Sancho el Sabio«,BVitoria
Boletín de la Real academia de la historia,BAcRHist
Boletín del Instituto de estudios giennenses,BJaén
"Boletín del Museo arqueológico nacional, Madrid",BMusMadr
Boletín del Museo de Cádiz,BMusCadiz
Boletín del Museo provincial de bellas artes,BMusPBelArt
"Boletín del Seminario de estudios de arte y arqueología, Universidad de Valladolid",BSAA
Boletín. Asociación española de amigos de la arqueología,BAsEspA
Bollettino annuale. Musei ferraresi,BAnnMusFerr
Bollettino d’arte,BdA
Bollettino dei classici,BCl
Bollettino dei Musei comunali di Roma,BMusRom
Bollettino del Centro di studi per la storia dell’architettura,BArchit
Bollettino del Circolo numismatico napoletano,BCircNumNap
Bollettino del Museo civico di Padova,BMusPadova
Bollettino della Società piemontese di archeologia e belle arti,BTorino
Bollettino della Unione storia ed arte,BStorArt
Bollettino dell’Associazione Iasos di Caria,BIasos
Bollettino dell’Istituto centrale del restauro,BRest
"Bollettino dell’Istituto di filologia greca, Università di Padova",BFilGrPadova
Bollettino dell’Istituto di storia e di arte del Lazio meridionale,BLazioMerid
Bollettino dell’Istituto storico artistico orvietano,BIstOrvieto
Bollettino di archeologia,BA
Bollettino di archeologia subacquea,BASub
Bollettino di informazioni del Centro di studi e documentazione sull’area elima,BInfCESDAE
Bollettino di informazioni. Associazione archeologica Centumcellae,BInfCentumcellae
Bollettino di numismatica,BNumRoma
Bollettino di studi e ricerche. Biblioteca comunale di Bolsena,BBolsena
Bollettino di studi latini,BStLat
"Bollettino flegreo. Rivista di storia, arte e scienze",BFlegr
Bollettino storico della Basilicata,BBasil
Bollettino storico della città di Foligno,BFoligno
Bollettino. Centro di studi filologici e linguistici siciliani,BFilLingSic
"Bollettino. Monumenti, musei e gallerie pontificie",BMonMusPont
"Bolskan. Revista de arqueología del Instituto de estudios Altoaragoneses, revista de arqueología Oscense",Bolskan
Bonner Hefte zur Vorgeschichte,BonnHVg
Bonner Jahrbücher des Rheinischen Landesmuseums in Bonn,BJb
Boreas. Münstersche Beiträge zur Archäologie,Boreas
Boreas. Uppsala Studies in Ancient Mediterranean and Near Eastern Civilization,BoreasUpps
"Borger, R., Handbuch der Keilschriftliteratur (Berlin 1967–1975)",HKL
Bracara Augusta. Revista cultural da Câmara municipal de Braga,BracaraAugusta
Bremer archäologische Blätter,BremABl
Brigantium. Museo arqueolóxico e histórico,Brigantium
British Archaeological Reports. British Series,BAR
British Archaeological Reports. International Series,BARIntSer
"British Museum, Coins, Greek: Catalogue of the Greek Coins in the British Museum",BMC Greek Coins
"British Museum, Coins, Oriental: Catalogue of Oriental Coins in the British Museum I–X",BMCOR
"British Museum, Coins, Roman Empire: Mattingly, H. (u. a.), Coins of the Roman Empire in the British Museum (London 1923–1950; 21975)",BMCRE
"British Museum, Coins, Roman Imperial: Mattingly, H. – Sydenham, E. A., The Roman Imperial Coinage",RIC
"British Museum, Coins, Roman Republic: Grueber, H. A., Coins of the Roman Republic in the British Museum I–III (London 1910)",BMCRR I–III
The British Museum Quarterly,BMQ
The British Museum Quarterly. News Supplement,BMQNSuppl
The British Museum Yearbook,BrMusYearbook
Budapest régiségei,BudReg
Buletinul Societăţii numismatice române,BSocNumRom
Bulletin (annuel) de l’École antique de Nîmes,BEcAntNîmes
Bulletin antieke beschaving. Annual Papers on Classical Archaeology,BABesch
Bulletin archéologique de Provence,BAProv
Bulletin archéologique du Comité des travaux historiques et scientifiques. Antiquités nationales,BAParis
Bulletin d’archéologie algérienne,BAAlger
Bulletin d’archéologie luxembourgeoise,BALux
Bulletin d’archéologie marocaine,BAMaroc
Bulletin d’archéologie sud-est européenne,BASudEstEur
Bulletin d’études orientales,BEtOr
Bulletin d’études préhistoriques alpines,BPréhistAlp
Bulletin d’information de l’Association internationale pour l’étude de la mosaïque antique,BAssMosAnt
Bulletin d’information de l’Association internationale pour l’étude de la mosaïque antique,BCord
Bulletin de correspondance hellénique,BCH
Bulletin de la Société archéologique champenoise,BSocAChamp
Bulletin de la Société d’archéologie copte,BACopt
Bulletin de la Société française d’égyptologie,BSFE
Bulletin de la Société française de numismatique,BNumParis
Bulletin de la Société nationale des antiquaires de France,BAntFr
Bulletin de l’Association Guillaume Budé,BAssBudé
Bulletin de l’Association Pro Aventico,BProAvent
Bulletin de liaison de la Société des amis de la Bibliothèque Salomon Reinach,BSocBiblReinach
Bulletin de liaison. Centre d’études des peintures murales romaines,BPeintRom
Bulletin de l’Institut français d’archéologie orientale,BIFAO
Bulletin de l’Institut historique belge de Rome,BBelgRom
Bulletin des antiquités luxembourgeoises,BAntLux
"Bulletin des Musées royaux d’art et d’histoire, Bruxelles",BMusBrux
Bulletin des travaux de l’Institut national du patrimoine. Comptes rendus,BTravTun
"Bulletin du Centre de recherches et d’enseignement de l’antiquité, Angers",BAngers
Bulletin du Centre international d’étude des textiles anciens,BTextilAnc
Bulletin du Cercle d’études numismatiques,BCercleNum
Bulletin du laboratoire du Musée du Louvre,BLaborMusLouvre
Bulletin du Musée d’anthropologie préhistorique de Monaco,BMusMonaco
Bulletin du Musée de Beyrouth,BMusBeyrouth
Bulletin du Musée hongrois des beaux-arts,BMusHongr
Bulletin du Musée national de Varsovie,BMusVars
Bulletin monumental,BMon
Bulletin of British Byzantine Studies,BBrByzSt
Bulletin of the American Schools of Oriental Research,BASOR
The Bulletin of the American Society of Papyrologists,BAmSocP
Bulletin of the Ancient Orient Museum (Tokyo),BAncOrMus
Bulletin of the Anglo-Israel Archaeological Society,BAngloIsrASoc
Bulletin of the Asia Institute,BAsInst
The Bulletin of The Cleveland Museum of Art,BClevMus
"Bulletin of the Institute of Archaeology, University of London",BALond
Bulletin of the Institute of Classical Studies of the University of London,BICS
Bulletin of the Rhode Island School of Design. Museum Notes,BProvidence
"Bulletin of the Royal Ontario Museum of Archaeology, University of Toronto",BOntMus
Bulletin of the School of Oriental and African Studies (London),BSOAS
Bulletin Razreda za likovne umjetnosti Hrvatske akademije znanosti i umjetnosti,BLikUm
Bulletin. J. Paul Getty Museum of Art,BulletinGetty
"Bulletin. Museum of Fine Arts, Boston",BMusFA
"Bulletin. Museums of Art and Archaeology, University of Michigan",BMusMich
Bulletin. Smith College Museum of Art,BulletinNorthampton
Bulletin. Société archéologique d’Alexandrie,BArchAlex
"Bulletin. The Hebrew University, Jerusalem, Rabinowitz Fund",BJerus
Bullettino del Centro Camuno di studi preistorici,BCamuno
Bullettino del Museo della civiltà romana,BMusCivRom
Bullettino della Commissione archeologica comunale di Roma,BCom
Bullettino dell’Instituto di corrispondenza archeologica,BdI
Bullettino dell’Istituto di diritto romano »Vittorio Scialoja«,BDirRom
Bullettino di paletnologia italiana,BPI
Bullettino senese di storia patria,BSiena
Butlletí arqueològic. Reial societat arqueològica tarraconense. Boletín arqueológico. Real sociedad arqueológica tarragonese,BATarr
Butlletí informatiu de l’Institut de prehistòria i arqueologia de la Diputació provincial de Barcelona,BABarcel
Βυζαντινά. Επιστημονικόν Όργανον Κέντρου Βυζαντινών Ερευνών Φιλοσοφικής Σχολής Αριστοτελείου Πανεπιστημίου Θεσσαλονίκης,Byzantina
Byzantinische Forschungen. Internationale Zeitschrift für Byzantinistik,ByzF
Byzantinisch-neugriechische Jahrbücher,ByzJb
Byzantinische Zeitschrift,ByzZ
Cadernos de arqueologia,CadA
Caesaraugusta. Publicaciones del Seminario de Arqueología y Numismática Aragonesas,Caesaraugusta
Caesarodunum. Bulletin de l’Institut d’études latines et du Centre de recherches A. Piganiol,Caesarodunum
Cahier. Centre d’études chypriotes,CahCEC
Cahiers archéologiques,CArch
Cahiers d’archéologie subaquatique,CahASubaqu
Cahiers de Byrsa,CahByrsa
Cahiers de Karnak,CahKarnak
Cahiers de la céramique égyptienne,CahCerEg
Cahiers de la Délégation française en Iran,CahDelFrIran
Les cahiers de Mariemont. Bulletin du Musée royal de Mariemont,CahMariemont
Cahiers de recherches de l’Institut de papyrologie et d’égyptologie de Lille. Sociétés urbaines en Égypte et au Soudan,CahPEg
Cahiers de Tunisie,CahTun
Cahiers du Centre Gustave-Glotz. Revue reconnue par le CNRS,CahGlotz
Cahiers du Groupe de recherches sur l’armée romaine et les provinces,CahArmeeRom
Cahiers du Musée Champollion. Histoire et archéologie,CahMusChampollion
Cahiers ligures de préhistoire et de protohistoire,CahLig
Cahiers rhodaniens,CahRhod
California Studies in Classical Antiquity,CalifStClAnt
The Cambridge Ancient History,CAH
Cambridge Archaeological Journal,CambrAJ
Carinthia I. Geschichtliche und volkskundliche Beiträge zur Heimatkunde Kärntens,Carinthia I
Carnuntum-Jahrbuch. Zeitschrift für Archäologie und Kulturgeschichte des Donauraumes,CarnuntumJb
"Carpenter, T. H. (Hrsg.), Beazley Addenda 2(Oxford 1989)",Beazley Addenda2
"Carpica. Muzeul judeţean de istorie şi artă, Bacău",Carpica
Il Carrobbio. Rivista di studi bolognesi,Carrobbio
Catalogue of Oriental Coins in the British Museum I–X,BMCOR
Catalogue of the Greek Coins in the British Museum,BMC Greek Coins
CEDAC. Bulletin. Centre d’études et de documentation archéologique de la conservation de Cartage,CEDAC
Celticum. Supplément à Ogam,Celticum
Cercetări arheologice,CercA
Cercetări numismatice. Muzeul naţional de istorie,CercNum
Chiron. Mitteilungen der Kommission für Alte Geschichte und Epigraphik des Deutschen Archäologischen Instituts,Chiron
Chronique d’Égypte,ChronEg
The Cincinnati Art Museum Bulletin,CincArtB
Civiltà classica e cristiana,CivClCr
Civiltà padana. Archeologia e storia del territorio,CivPad
"Clairmont, Ch. W., Classical Attic Tombstones (Kilchberg 1993–1995)",CAT
Clara Rhodos,ClRh
Classica et mediaevalia. Revue danoise de philologie et d’histoire,ClMediaev
Classical Antiquity,ClAnt
The Classical Journal,ClJ
Classical Philology,ClPhil
The Classical Quarterly,ClQ
The Classical Review,ClR
Classics Ireland,ClIre
Cleveland Studies in the History of Art,ClevStHistArt
Clio. Revista do Centro de história da Universidade Lisboa,Clio
"Coin Hoards. The Royal Numismatic Society, London",Coin Hoards
Collection de l’École française de Rome,CEFR
Colloqui del Sodalizio,ColloquiSod
Communicationes archaeologicae hungaricae,CommunicAHung
Complutum. Publicaciones del Departamento de prehistoria de la Universidad complutense de Madrid,Complutum
"Compte-rendu de la Commission impériale archéologique, St. Pétersbourg",CRPétersbourg
"Conoscenze. Rivista annuale della Soprintendenza archeologica e per i beni ambientali, architettonici, artistici e storici del Molise",Conoscenze
Contributi della Scuola di specializzazione in archeologia dell’Università degli studi di Pisa,CSSpecPisa
"Contributi dell’Istituto di archeologia. Pubblicazioni dell’Università cattolica del Sacro Cuore, Milano",CIstAMilano
Contributi e materiali di archeologia orientale,CMatAOr
Convegni di studi sulla Magna Grecia,CMGr
Corduba archaeologica,Corduba
Corinth. Results of Excavations Conducted by the American School of Classical Studies at Athens,Corinth
Corpus antiquitatum Aegyptiacarum,CAA
Corpus der minoischen und mykenischen Siegel,CMS
Corpus inscriptionum Atticarum,CIA
Corpus inscriptionum Etruscarum,CIE
Corpus inscriptionum Graecarum,CIG
Corpus inscriptionum Latinarum,CIL
Corpus inscriptionum Semiticarum,CIS
Corpus inscriptionum Semiticarum. Pars quarta. Inscriptiones himyariticas et sabaeas continens,CIH
Corpus speculorum Etruscorum,CSE
Corpus signorum Imperii Romani,CSIR
Corpus vasorum antiquorum,CVA
Cota Zero. Revista d’arqueologia i ciencia,CZero
"Crawford, M., Roman Republican Coinage (London 1974)",RRC
"Creta antica. Rivista annuale di studi archeologici, storici ed epigrafici",CretAnt
Cretan Studies,CretSt
Cronache di archeologia,CronA
Cronache ercolanesi. Bollettino del Centro internazionale per lo studio dei papiri ercolanesi,CronErcol
Cronache pompeiane,CronPomp
Cuadernos de arqueología de la Universidad de Navarra,CuadNavarra
Cuadernos de arqueología mediterránea,CuadAMed
Cuadernos de arquitectura romana,CuadArquitRom
Cuadernos de estudios gallegos,CuadGallegos
"Cuadernos de filología clásica. Facultad de letras y filosofía, Universidad de Madrid",CuadFilCl
Cuadernos de prehistoria de la Universidad de Granada,CuadGranada
Cuadernos de prehistoria y arqueología castellonense,CuadCastellon
Cuadernos de prehistoria y arqueología. Universidad autónoma de Madrid,CuPaUAM
Cuadernos de trabajos de la Escuela española de historia y arqueología en Roma,CuadRom
Cuadernos emeritenses,CE
Dacia. Revue d’archéologie et d’histoire ancienne,Dacia
Dacoromania. Jahrbuch für östliche Latinität,Dacoromania
Daidalos. Studi e ricerche del Dipartimento di scienze del mondo antico,Daidalos
Damaszener Forschungen,DaF
Damaszener Mitteilungen,DaM
A Debreceni Déri múzeum évkönyve,DebrecMuzEvk
Dédalo. Revista de arte e arqueologia,Dédalo
Δελτίον της Χριστιανικής Αρχαιολογικής Εταιρείας,DeltChrA
Demircihüyük. Die Ergebnisse der Ausgrabungen 1975–1978,Demircihüyük
De museus. Quaderns de museologia i museografia,DeMuseus
Denkmäler antiker Architektur,DAA
Denkmalpflege in Baden-Württemberg,DenkmPflBadWürt
Das Deutsche Archäologische Institut. Geschichte und Dokumente,DAIGeschDok
Der Neue Pauly. Enzyklopädie der Antike,DNP
"Dessau, H., Inscriptiones Latinae selectae (Berlin 1892–1916)",ILS
Deutsche Kunst und Denkmalpflege,DKuDenkmPfl
Deutsche Literaturzeitung für Kritik der internationalen Wissenschaft,DLZ
Diadora. Glasilo arheoloskog muzeja u Zadru,Diadora
Dialoghi di archeologia,DialA
Dialogues d’histoire ancienne,DialHistAnc
Dictionnaire d’archéologie chrétienne et de liturgie,DACL
Dictionnaire des antiquités grecques et romaines d’après les textes et les monuments. Ouvrage rédigé sous la direction de Ch. Daremberg et E. Saglio,Daremberg – Saglio
Dike. Rivista di storia del diritto greco ed ellenistico. Università degli studi di Milano. Facoltà di giurisprudenza,Dike
"Dioniso. Annale della Fondazione INDA, Istituto nazionale del dramma antico",Dioniso
Diskussionen zur archäologischen Bauforschung,DiskAB
"Dittenberger, W., Orientis Graeci inscriptiones selectae (Leipzig 1903–1905)",OGIS
"Dittenberger, W., Sylloge inscriptionum Graecarum 3(Leipzig 1915–1924)",SIG
Documenta Albana,DocAlb
"Documenti. Istituto per i beni artistici, culturali, naturali della regione Emilia-Romagna",DocEmRom
Documents d’archéologie méridionale,DocAMerid
Documents d’archéologie régionale. Université catholique de Louvain,DocALouv
Δωδώνη,Dodone
Les dossiers d’archéologie,DossAParis
Les dossiers du Centre régional archéologique d’Alet,DossAlet
Dumbarton Oaks Papers,DOP
East and West,EastWest
Echos du monde classique. Classical Views,EchosCl
École antique de Nîmes. Bulletin annuel,EcAntNimes
e-Forschungsberichte des Deutschen Archäologischen Instituts,eDAI-F
Egitto e Vicino Oriente,EgVicOr
"Εγνατία. Επιστημονική Επετηρίδα της Φιλοσοφικής Σχολής, Αριστοτέλειο Πανεπιστήμιο Θεσσαλονίκης, Τμήμα Ιστορίας και Αρχαιολογίας",Egnatia
Egypt and the Levant. Ägypten und Levante. Internationale Zeitschrift für ägyptische Archäologie und deren Nachbargebiete,ÄgLev
Egyptian Archaeology. The Bulletin of the Egypt Exploration Society,EgA
Εικασμός. Quaderni bolognesi di filologia classica,Eikasmos
Eirene. Studia Graeca et Latina,Eirene
e-Jahresberichte des Deutschen Archäologischen Instituts,eDAI-J
Elenchos. Rivista di studi sul pensiero antico,Elenchos
"Ελληνικά. Φιλολογικόν, Ιστορικόν και Λαογραφικόν Περιοδικόν Σύγγραμμα",Ellenika
Emerita. Revista de linguistica y filología clasica,Emerita
Emilia preromana,EmPrerom
"Empúries. Revista de prehistòria, arqueologia i etnologia",Empúries
Ενάλια,Enalia
Enalia. Annual. English Edition of the Hellenic Institute of Marine Archaeology,EnaliaAnn
Enchoria. Zeitschrift für Demotistik und Koptologie,Enchoria
Enciclopedia dell’arte antica classica e orientale,EAA
Enciclopedia dell’arte antica classica e orientale: Pompei. Pitture e mosaici,PPM
Eos. Commentarii Societatis philologae Polonorum,Eos
Επετηρίς της Εταιρείας Βοιωτικών Μελετών,EpetBoiotMel
Επετηρίς της Εταιρείας Βυζαντινών Σπουδών,EpetByzSpud
Επετηρίς της Εταιρείας Κυκλαδικών Μελετών,EpetKyklMel
Ephemeris Dacoromana. Annuario della Scuola Romena di Roma,EphemDac
Ephemeris Napocensis,EphemNapoc
Epigraphica Anatolica. Zeitschrift für Epigraphik und historische Geographie Anatoliens,EpigrAnat
"Επιστημονική Επετηρίδα της Πολυτεχνικής Σχολής, Αριστοτέλειο Πανεπιστήμιο Θεσσαλονίκης, Τμήμα Αρχιτεκτόνων",EpistEpetPolytThess
Επιστημονική Επετηρίδα της Φιλοσοφικής Σχολής του Πανεπιστημίου Θεσσαλονίκης,EpistEpetThess
Επιστημονική Επετηρίς της Φιλοσοφικής Σχολής του Πανεπιστημίου Αθηνών,EpistEpetAth
Eranos. Acta philologica Suecana,Eranos
Eranos-Jahrbuch,EranosJb
Eretria. Fouilles et recherches,Eretria
"Eretz-Israel. Archaeological, Historical and Geographical Studies",Eretz-Israel
Το Έργον της Αρχαιολογικής Εταιρείας,Ergon
"Espacio, tiempo y forma. Revista de la Facultad de geografia e historia. Serie 2, Historia antigua",EspacioHist
Estudios de prehistoria y arqueología madrileñas,EstMadr
"Estudios del Seminario de prehistoria, arqueología e historia antigua de la Facultad de filosofía y letras de Zaragoza",EstZaragoza
"Ethnos. Revista do Instituto português de arqueología, história e etnografia",Ethnos
Etruscan Studies. Journal of the Etruscan Foundation,EtrSt
Etruscans. Bulletin of the Etruscan Foundation,Etruscans
Études classiques. Faculté des lettres et sciences humaines d’Aix,EtClAix
Les études classiques. Revue trimestrielle de recherche et d’enseignement,EtCl
Études crétoises,EtCret
Études d’archéologie classique,EtACl
Études de papyrologie,EtP
Études et travaux. Studia i prace. Travaux du Centre d’archéologie méditerranéenne de l’Académie des sciences polonaise,EtTrav
Études préliminaires aux religions orientales dans l’empire romain,EPRO
Études sur Pézenas et l’Hérault,EtPézenas
Ευλιμένη (Μεσογειακή Αρχαιολογική Εταιρεία),Eulimene
Eunomia. Ephemeridis Listy filologické supplementum,Eunomia
Euphrosyne. Revista de filologia clássica,Euphrosyne
Eurasia antiqua,EurAnt
Eurasia septentrionalis antiqua,ESA
European Review of History. Revue européenne d’histoire,EurRHist
Eutopia. Commentarii novi de antiquitatibus totius Europae,Eutopia
Excavaciones arqueológicas en España,EAE
Excavations and Surveys in Israel,ExcIsr
The Excavations at Dura-Europos Conducted by Yale University and the French Academy of Inscriptions and Letters,Dura-Europos
"Excavations at Gözlü Kule, Tarsus",Tarsus
Excavations at Olynthus,Olynthus
Excavations of the Athenian Agora. Picture Book,AgoraPB
"Expedition. The Magazine of Archaeology, Anthropology",Expedition
Exploration archéologique de Délos faite par l’École française d’Athènes,Délos
Extremadura arqueológica,ExtremA
Faenza. Bollettino del Museo internazionale delle ceramiche in Faenza. Rivista bimestrale di studi storici e di tecnica dell’arte ceramica,Faenza
Fasti archaeologici,FA
"Faventia. Departement de clássiques, Facultat de letres, Universitat autónoma de Barcelona",Faventia
Feddersen Wierde. Die Ergebnisse der Ausgrabung der vorgeschichtlichen Wurt Feddersen Wierde bei Bremerhaven in den Jahren 1955 bis 1963,Feddersen Wierde
Felix Ravenna,FelRav
Ficheiro epigráfico. Suplemento de »Conimbriga«,FichEpigr
Figlina. Documents du Laboratoire de céramologie de Lyon,Figlina
Florentia Iliberritana. Revista de estudios de antigüedad clásica,FlorIl
Florentia. Studi di archeologia,Florentia
Fogg Art Museum. Acquisitions,FoggArtMusAcqu
Folia archaeologica,FolA
Folia orientalia,FolOr
Fonaments. Prehistòria i mon antic als Paisos Catalans,Fonaments
Fondamenti. Rivista quadrimestrale di cultura,Fondamenti
Fontes archaeologici Posnanienses,FontAPos
"Fontes. Rivista di filologia, iconografia e storia della tradizione classica",Fontes
Forlimpopoli. Documenti e studi,Forlimpopoli
Fornvännen. Tidskrift för svensk antikvarisk forskning,Fornvännen
Forschungen in Augst,FiA
Forschungen in Ephesos,FiE
Forschungen und Berichte zur Vor- und Frühgeschichte in Baden-Württemberg,FBerBadWürt
Forschungen und Berichte. Staatliche Museen zu Berlin,FuB
Forschungen und Fortschritte,FuF
Forschungen zur Allgemeinen und Vergleichenden Archäologie,FAVA
Forschungen zur Archäologie Außereuropäischer Kulturen,FAAK
Forum. Revue du Groupe d’archéologie antique,Forum
Fouilles de Conimbriga. Publiées sous la direction de J. Alarcão et R. Etienne,FdC
Fouilles de Delphes,FdD
Fouilles de l’Institut français d’archéologie orientale du Caire,FIFAO
Fouilles de Xanthos,FdX
Fragmenta historicorum Graecorum,FHG
Frühmittelalterliche Studien. Jahrbuch des Instituts für Frühmittelalterforschung der Universität Münster,FrühMitAltSt
Fundberichte aus Baden-Württemberg,FuBerBadWürt
Fundberichte aus Hessen,FuBerHessen
Fundberichte aus Österreich,FuBerÖ
Fundberichte aus Schwaben,FuBerSchwab
Funde und Ausgrabungen im Bezirk Trier,FuAusgrTrier
Die Fundmünzen der römischen Zeit in Deutschland,FMRD
Fundmünzen der römischen Zeit in Österreich,FMRÖ
Fundort Wien. Berichte zur Archäologie,FuWien
"Furtwängler, A. – Reichhold, K., Griechische Vasenmalerei (München 1900–1925)",FR
Gaceta numismática,GacNum
Gades. Revista del Colegio universitario de filosofía y letras,Gades
Gallaecia. Publicación del Departamento de prehistoria y arqueología,Gallaecia
Gallia informations. L’archéologie des régions,GalliaInfAReg
Gallia informations. Préhistoire et histoire,GalliaInf
Gallia préhistoire. Archéologie de la France préhistorique,GalliaPrehist
Gallia. Fouilles et monuments archéologiques en France metropolitaine,Gallia
Gazette des beaux-arts,GazBA
Genava. Revue d’histoire de l’art et d’archéologie,Genava
Geographia antiqua. Rivista di geografia storica del mondo antico e di storia della geografia,GeoAnt
Germania. Anzeiger der Römisch-Germanischen Kommission des Deutschen Archäologischen Instituts,Germania
Gesta. International Center of Medieval Art,Gesta
Giglio di roccia,GiRoccPalermo
Giornale filologico ferrarese,GiornFilFerr
Giornale italiano di filologia,GiornItFil
Giornale storico della Lunigiana e del territorio lucense,GiornStorLun
"Gladius. Estudios sobre armas antiguas, armamento, arte militar y vida cultural en Oriente y Occidente",Gladius
Glasgow Archaeological Journal,GlasAJ
Glasnik Zemaljskog muzeja Bosne i Hercegovie u Sarajevu. Arheologija,GlasSarajevo
Glasnik. Srpsko arheološko društvo,GlasBeograd
Glotta. Zeitschrift für griechische und lateinische Sprache,Glotta
Gnomon. Kritische Zeitschrift für die gesamte klassische Altertumswissenschaft,Gnomon
Godišen zbornik na Filozofskiot fakultet na Universitetot vo Skopje,GodZborSkopje
Godišnik na Archeologičeski muzej Plovdiv. Annuaire du Musée archéologique Plovdiv,GodMuzPlov
Godišnik na Departament archeologija,GodDepA
Godišnik na Nacionalnija archeologičeski muzej. Annuaire du Musée national archéologique (Sofia),GodMuzSof
Göttinger Forum für Altertumswissenschaft,GFA
Göttinger Miszellen. Beiträge zur ägyptologischen Diskussion,GöttMisz
Göttingische Gelehrte Anzeigen,GGA
Goriški letnik. Zbornik Goriškega muzeja,GorLet
"Građa i rasprave. Arheološki muzej Istre, Pula",GraRaspr
Graecolatina et orientalia. Zborník Filozofickej fakulty Univerzity Komenského,GrLatOr
Graecolatina Pragensia. Acta Universitatis Carolinae. Philologica,GrLatPrag
Grazer Beiträge. Zeitschrift für die Klassische Altertumswissenschaft,GrazBeitr
Greece and Rome,GaR
"Greek, Roman and Byzantine Studies",GrRomByzSt
"Grueber, H. A., Coins of the Roman Republic in the British Museum (London 1910)",BMCRR
Gymnasium. Zeitschrift für Kultur der Antike und humanistische Bildung,Gymnasium
"Habis. Universidad de Sevilla. Arqueología, filología clásica",Habis
Hallisches Winckelmannsprogramm,HallWPr
Hama. Fouilles et recherches de la Fondation Carlsberg,Hama
Hamburger Beiträge zur Archäologie,HambBeitrA
Hamburger Beiträge zur Numismatik,HambBeitrNum
Handbuch der Altertumswissenschaften,HAW
Handbuch der Archäologie,HdArch
Harvard Semitic Series,HSS
Harvard Studies in Classical Philology,HarvStClPhil
The Harvard Theological Review,HarvTheolR
Harvard University Art Museums Bulletin,BHarvMus
Hefte des Archäologischen Seminars der Universität Bern,HASB
"Head, B. V., Historia Numorum. A Manual of Greek Numismatics (Oxford 1887; 21911)",Head
"Helbig, W., Führer durch die öffentlichen Sammlungen klassischer Altertümer in Rom",Helbig
"Helike. Universidad nacional de educación a distancia, Centro regional de Elche",Helike
Helikon. Rivista di tradizione e cultura classica,Helikon
"Helinium. Revue consacrée à l’archéologie des Pays-Bas, de la Belgique et du Grand-Duché de Luxembourg",Helinium
"Helios. A Journal Devoted to Critical and Methodological Studies of Classical Culture, Literature and Society",Helios
Hellenika. Jahrbuch für die Freunde Griechenlands,HellenikaJb
Helvetia archaeologica,HelvA
Hephaistos. Kritische Zeitschrift zur Theorie und Praxis der Archäologie und angrenzender Wissenschaften,Hephaistos
Hermes. Zeitschrift für klassische Philologie,Hermes
Hesperia. Journal of the American School of Classical Studies at Athens,Hesperia
Hispania antiqua epigraphica,HispAntEpigr
Hispania antiqua. Revista de historia antigua,HispAnt
Hispania epigraphica,HispEpigr
Hispania. Revista española de historia,Hispania
Histoire de l’art. Bulletin d’information de l’Institut national d’histoire de l’art,HistArt
Historia. Zeitschrift für Alte Geschichte,Historia
"Historica. Academia RSR. Centrul de istorie, filologie şi etnografie din Craiova",Historica
"Historische Anthropologie. Kultur, Gesellschaft, Alltag",HistAnthr
Historische Sprachforschung,HistSprF
Historische Zeitschrift,HZ
Histria antiqua. Casopis Meotunarodnog Istrazivackog Centra za Arheologiju. Journal of the International Research Centre for Archeology,HistriaAnt
Histria archaeologica,HistriaA
Histria. Les résultats des fouilles,Histria
Ηόρος. Ἔνα Ἀρχαιογνωστικò Περιοδικό,Horos
Huelva arqueológica,HuelvaA
Humanistische Bildung,HumBild
Hyperboreus. Studia classica,Hyp
Iberia. Revista della antigüedad,Iberia
Iberia archaeologica,IA
Ilerda. Instituto de estudios ilerdenses,Ilerda
Iliria. Revistë arkeologjike,Iliria
Illinois Classical Studies,IllinClSt
The Illustrated London News,ILN
Index. Quaderni camerti di studi romanistici,IndexQuad
Indiana University Art Museum Bulletin,IndUnArtB
Indogermanische Forschungen,IndogermF
Inschriften griechischer Städte aus Kleinasien,IK
Inscriptiones Graecae,IG
Inscriptiones Graecae ad res Romanas pertinentes,IGR
The Institute of Nautical Archaeology Quarterly,InstNautAQ
Insula Fulcheria,InsFulc
International Journal of Nautical Archaeology,IntJNautA
International Journal of the Classical Tradition,IntJClTrad
Internationale Zeitschriftenschau für Bibelwissenschaft und Grenzgebiete,IntZSchauBibelWiss
Invigilata lucernis,InvLuc
Iran. Journal of the British Institute of Persian Studies,Iran
Iranica antiqua,IrAnt
Israel Exploration Journal,IEJ
The Israel Museum Journal,IsrMusJ
The Israel Museum News,IsrMusN
"Israel Museum Studies in Archaeology. An Annual Publication by the Samuel Bronfman Biblical and Archaeological Museum of the Israel Museum, Jerusalem",IsrMusStA
Israel Numismatic Journal,IsrNumJ
Istanbul Arkeoloji Müzeleri yıllığı,IstanbAMüzYıl
Istanbuler Forschungen,IstForsch
Istanbuler Mitteilungen,IstMitt
Isthmia. Excavations by the University of Chicago under the Auspices of the American School of Classical Studies at Athens,Isthmia
Italia nostra,ItNostr
Italica. Cuadernos de trabajos de la Escuela española de historia y arqueología en Roma,Italica
Iura. Rivista internazionale di diritto romano e antico,Jura
Izvestija na Archeologičeskija institut. Bulletin de l’Institut d’archéologie,BIBulg
Izvestija na muzeite ot Južna Bălgarija. Bulletin des musées de la Bulgarie du Sud,IzvMuzJužBalg
Izvestija na Narodnija muzej Burgas. Bulletin du Musée national de Bourgas,IzvBurgas
Izvestija na Narodnija muzej Varna,IzvVarna
Jaarbericht van het Vooraziatisch-Egyptisch Genootschap Ex Oriente Lux,JEOL
Jábega. Revista de la Disputación provincial de Málaga,Jábega
"Jacoby, F., Die Fragmente der griechischen Historiker",FGrHist
"Jadranski zbornik. Prilozi za povijest Istre, Rijeke i Hrvatskog primorja",JadrZbor
Jahrbuch der Akademie der Wissenschaften in Göttingen,JbGött
Jahrbuch der Berliner Museen,JbBerlMus
Jahrbuch der Hamburger Kunstsammlungen,JbHambKuSamml
Jahrbuch der Kunsthistorischen Sammlungen in Wien,JbKHSWien
Jahrbuch der Österreichischen Byzantinistik,JbÖByz
Jahrbuch der Schweizerischen Gesellschaft für Ur- und Frühgeschichte,JbSchwUrgesch
Jahrbuch der Staatlichen Kunstsammlungen in Baden-Württemberg,JbBadWürt
Jahrbuch des Bernischen Historischen Museums in Bern,JbBernHistMus
Jahrbuch des Deutschen Archäologischen Instituts,JdI
Jahrbuch des Kunsthistorischen Museums Wien,JbKHMWien
"Jahrbuch des Museums für Kunst und Gewerbe, Hamburg",JbMusKGHamb
Jahrbuch des Oberösterreichischen Musealvereins,JbMusLinz
Jahrbuch des Römisch-Germanischen Zentralmuseums Mainz,JbRGZM
Jahrbuch für Antike und Christentum,JbAC
Jahrbuch für kleinasiatische Forschung,JbKleinasF
Jahrbuch für Numismatik und Geldgeschichte,JNG
Jahrbuch für prähistorische und ethnographische Kunst,Ipek
Jahrbuch Preussischer Kulturbesitz,JbPreussKul
"Jahrbuch. Akademie der Wissenschaften und der Literatur, Mainz",JbAkMainz
Jahresbericht der Archäologischen Bodenforschung des Kantons Basel-Stadt,JberBasel
Jahresbericht der Bayerischen Bodendenkmalpflege,JberBayDenkmPfl
Jahresbericht des Instituts für Vorgeschichte der Universität Frankfurt a. M.,JberVgFrankf
Jahresbericht. Gesellschaft Pro Vindonissa,JberProVindon
Jahresbericht. Schweizerisches Landesmuseum Zürich,JberZürich
Jahresberichte aus Augst und Kaiseraugst,JberAugst
Jahreshefte des Österreichischen Archäologischen Institutes in Wien,ÖJh
Jahresschrift für mitteldeutsche Vorgeschichte,JSchrVgHalle
Jewellery Studies,JewelSt
Journal des savants,JSav
Journal für Kunstgeschichte,JKuGesch
Journal of Archaeological Science,JASc
Journal of Cuneiform Studies,JCS
Journal of Early Christian Studies. Journal of the North American Patristics Society,JEChrSt
The Journal of Egyptian Archaeology,JEA
Journal of Field Archaeology,JFieldA
Journal of Glass Studies,JGS
The Journal of Hellenic Studies,JHS
Journal of Iberian Archaeology,JIbA
The Journal of Juristic Papyrology,JJurP
Journal of Mediterranean Anthropology and Archaeology,JMedAnthrA
Journal of Mediterranean Archaeology,JMedA
Journal of Mithraic Studies,JMithrSt
Journal of Near Eastern Studies,JNES
Journal of Prehistoric Religion,JPrehistRel
Journal of Roman Archaeology,JRA
Journal of Roman Military Equipment Studies,JRomMilSt
Journal of Roman Pottery Studies,JRomPotSt
The Journal of Roman Studies,JRS
Journal of Semitic Studies,JSS
Journal of the American Oriental Society,JAOS
Journal of the American Research Center in Egypt,JARCE
The Journal of the Walters Art Gallery,JWaltersArtGal
Journal of the Warburg and Courtauld Institutes,JWCI
Journal of Theoretical Archaeology,JTheorA
The J. Paul Getty Museum Journal,GettyMusJ
Kadmos. Zeitschrift für vor- und frühgriechische Epigraphik,Kadmos
Kairos. Zeitschrift für Judaistik und Religionswissenschaft,Kairos
Kalapodi. Ergebnisse der Ausgrabungen im Heiligtum der Artemis und des Apollon von Hyampolis in der antiken Phokis,Kalapodi
"Kalathos. Revista del Seminario de arqueología y etnología Turolense, Universidad de Teruel",Kalathos
"Kalinka, E. (Hrsg.), Tituli Asiae Minoris (Wien 1901–1941)",TAM
Kalós. Arte in Sicilia,Kalós
Karthago. Revue d’archéologie mediterranéenne,Karthago
Kazı Sonuçları Toplantısı,KST
Kêmi. Revue de philologie et d’archéologie égytiennes et coptes,Kêmi
Kenchreai. Eastern Port of Corinth. Results of Investigations by the University of Chicago and Indiana University for the American School of Classical Studies at Athens,Kenchreai
Kent Archaeological Review,KentAR
Keos. Results of Excavations Conducted by the University of Cincinnati under the Auspices of the American School of Classical Studies at Athens,Keos
Kerameikos. Ergebnisse der Ausgrabungen,Kerameikos
Kernos. Revue internationale et pluridisciplinaire de religion grecque antique,Kernos
Klearchos. Bollettino dell’Associazione Amici del Museo nazionale di Reggio Calabria,Klearchos
Kleos. Estemporaneo di studi e testi sulla fortuna dell’antico,Kleos
Klio. Beiträge zur alten Geschichte,Klio
Kodai. Journal of Ancient History,Kodai
Kölner Jahrbuch,KölnJb
Kölner Museums-Bulletin. Berichte und Forschungen aus den Museen der Stadt Köln,KölnMusB
Kώκαλος. Studi pubblicati dall’Istituto di storia antica dell’Università di Palermo,Kokalos
Kolloquien zur Allgemeinen und Vergleichenden Archäologie,KollAVA
"Kratkie soobščenija Instituta archeologii, Kiev",KSIAKiev
Kratkie soobščenija o dokladach i polevych issledovanijach Instituta archeologii,KSIA
Kratylos. Kritisches Berichts- und Rezensionsorgan für indogermanische und allgemeine Sprachwissenschaft,Kratylos
Κρητικά Χρονικά,KretChron
"Ktema. Civilisations de l’Orient, de la Grèce et de Rome antiques",Ktema
Kuml. Årbog for Jysk Arkaeologisk Selskab,Kuml
Kungliga vitterhets historie och antikvitets akademiens handlingar. Antikvariska serien,Handlingar
Kunst der Welt in den Berliner Museen,KuWeltBerlMus
Kunst des Orients,KuOr
"Kunstchronik. Monatsschrift für Kunstwissenschaft, Museumswesen und Denkmalpflege, Mitteilungsblatt des Verbandes Deutscher Kunsthistoriker",Kunstchronik
Kunstgeschichtliche Anzeigen,KuGeschAnz
Kush. Journal of the National Corporation for Antiquities and Museums (NCAM),Kush
Κυπριακαì Σπουδαί,KypSpud
Κυπριακή Αρχαιολογία. Archaeologia Cypria,KypA
Labeo. Rassegna di ritritto romano,Labeo
Laietania. Estudios d’arqueologia del Maresme,Laietania
Lampas. Tijdschrift voor nederlandse classici,Lampas
"Lancia. Revista de prehistoria, arqueología e historia antigua del noreste peninsular",Lancia
Landeskundliche Vierteljahrsblätter. Trier,LandKunVierJBl
Langues orientales anciennes. Philologie et linguistique,LangOrAnc
Latinitas. Commentarii linguae Latinae excolendae provehendae,Latinitas
Latomus. Revue d’études latines,Latomus
Laverna. Beiträge zur Wirtschafts- und Sozialgeschichte der Alten Welt,Laverna
Levant. Journal of the British School of Archaeology in Jerusalem and the British Institute at Amman for Archaeology and History,Levant
Lexikon der Ägyptologie,LÄ
Lexikon iconographicum mythologiae classicae,LIMC
Lexikon topographicum urbis Romae,LTUR
"Lexis. Poetica, retorica e comunicazione nella tradizione classica",Lexis
Libya antiqua,LibyaAnt
Libyan Studies,LibSt
"Libyca. Bulletin du Service des antiquités. Archéologie, épigraphie",LibycaBServAnt
Libyca. Travaux du Laboratoire d’anthropologie et d’archéologie préhistorique du Musée du Bardo,LibycaTrav
"Liddell, H. G. – Scott, R. – Jones, H. S., A Greek-English Lexikon 9(1996); Suppl. (1996)",Liddell – Scott – Jones
Limesforschungen. Studien zur Organisation der römischen Reichsgrenze an Rhein und Donau,Limesforschungen
Lindos. Fouilles et recherches,Lindos
"Linguistica, epigrafia, filologia italica",LingIt
Listy filologické,LF
"Lucentum. Anales de la Universidad de Alicante. Prehistoria, arqueología e historia antigua",Lucentum
Lund Archaeological Review,LundAR
Lustrum. Internationale Forschungsberichte aus dem Bereich des klassischen Altertums,Lustrum
Lykia. Anadolu-akdeniz kültürleri,Lykia
Macedoniae acta archaeologica,MacActaA
Madrider Beiträge,MB
Madrider Forschungen,MF
Madrider Mitteilungen,MM
Maecenas. Studi sul mondo classico,Maecenas
Maia. Rivista di letterature classiche,Maia
Mainake. Estudios de arqueología Malagueña,Mainake
Mainzer Zeitschrift,MainzZ
Μακεδονικά. Σύγγραμμα Περιοδικόν της Εταιρείας Μακεδονικών Σπουδών,Makedonika
"Makedonsko nasledstvo. Spisanie za arheologija, istorija, istorija na umetnosta i etnologija",MakedNasl
Il Mar Nero. Annali di archeologia e storia,MarNero
"Marburger Beiträge zur antiken Handels-, Wirtschafts- und Sozialgeschichte",MBAH
Marburger Winckelmann-Programm,MarbWPr
"Le Marche. Archeologia, storia, territorio",Marche
Mari. Annales de recherches interdisciplinaires,Mari
"Marisia. Studii şi materiale. Arheologie, istorie, etnografie",Marisia
Marsyas. Studies in the History of Art,Marsyas
"Masca Journal. Museum Applied Science Center for Archaeology, University of Pennsylvania",MascaJ
Masca Research Papers in Science and Archaeology,MascaP
Mastia. Revista del Museo arqueológico municipal de Cartagena,Mastia
Materiale şi cercetări arheologice,MatCercA
Materiali e discussioni per l’analisi dei testi classici,MatTestiCl
Materialien zur Allgemeinen und Vergleichenden Archäologie,MAVA
Materialy i issledovanija po archeologii SSSR,MatIsslA
Materialy po archeologii BSSR,MatABSSR
Materialy po archeologii severnogo Pričernomor’ja,MatASevPrič
Materiały starożytne,MatStar
Materiały starożytne i wczesnośredniowieczne,MatStarWczes
Materiały wczesnośredniowieczne,MatWczes
"Mattingly, H. (u. a.), Coins of the Roman Empire in the British Museum (London 1923–1950; 21975)",BMCRE
"Mattingly, H. – Sydenham, E. A., The Roman Imperial Coinage",RIC
Meander. Miesięcznik poświęcony kulturze świata starożytnego,Meander
Meddelanden från Lunds universtitets historiska museum,MeddelLund
Meddelelser fra Ny Carlsberg Glyptotek,MeddelGlypt
Meddelelser fra Thorvaldsens Museum,MeddelThor
Mededelingen van het Nederlands Instituut te Rome,MededRom
Mededelingenblad. Vereniging van Vrienden Allard Pierson Museum,VerAmstMeded
Medelhavsmuseet. Bulletin,MedelhavsMusB
Medicina nei secoli. Arte e scienza,MediSec
Medieval Archaeology. Journal of the Society for Medieval Archaeology,MedievA
Mediterranean Archaeology,MedA
Mediterranean Historical Review,MedHistR
"Mediterraneo antico. Economie, società, culture",MedAnt
Mélanges de la Casa de Velázquez. Antiquité et moyen âge,MelCasaVelazquez
Mélanges de l’École française de Rome. Antiquité,MEFRA
Mélanges de l’Université Saint-Joseph,MelBeyrouth
Mémoires de la Société nationale des antiquaires de France,MemAntFr
Mémoires de l’Académie des inscriptions et belles-lettres,MemAcInscr
Mémoires de l’Institut national de France,MemInstNatFr
Memoirs of the American Academy in Rome,MemAmAc
Memoria antiquitatis. Acta Musei Petrodavensis. Revista Muzeului arheologic Piatra Neamţ,MemAnt
Memoria storica. Rivista del Centro studi storici terni,MemStor
"Memoria. Universidad de Barcelona, Instituto de arqueología y prehistoria",MemBarcelA
Memorias de historia antigua (Universidad de Oviedo),MemHistAnt
"Memorie dell’Accademia di archeologia, lettere e belle arti di Napoli",MemNap
Memorie storiche forogiuliesi,MemStorFriuli
Menschen – Kulturen – Traditionen. Studien aus den Forschungsclustern des Deutschen Archäologischen Instituts,MKT
Mérida. Ciudad y patrimonio,Mérida
Mérida. Excavaciones arqueológicas. Memoria,MéridaMem
Meroitica. Schriften zur altsudanesischen Geschichte und Archäologie,Meroitica
Mesopotamia. Rivista di archeologia,Mesopotamia
"Messana. Rassegna di studi filologici, linguistici e storici",Messana
Métis. Revue d’anthropologie du monde grec ancien,Métis
Metropolitan Museum Journal,MetrMusJ
The Metropolitan Museum of Art Bulletin,BMetrMus
Metropolitan Museum Studies,MetrMusSt
Milesische Forschungen,MilForsch
Milet. Ergebnisse der Ausgrabungen und Untersuchungen seit dem Jahr 1899,Milet
Minerva. Revista de filología clásica,Minerva
Minima epigraphica et papyrologica. Taccuini della cattedra e del laboratorio di epigrafia e papirologia giuridica dell’Università degli studi di Catanzaro »Magna Graecia«,MinEpigrP
Minos. Revista de filología egea,Minos
Miscellanea di studi di letteratura christiana antica,MiscCrAnt
Miscellanea di studi storici,MiscStStor
Mitteilungen aus dem Heinrich-Schliemann-Museum Ankershagen,MSchliemann
Mitteilungen der Anthropologischen Gesellschaft in Wien,MAnthrWien
Mitteilungen der Archäologischen Gesellschaft Graz,MAGesGraz
Mitteilungen der Archäologischen Gesellschaft Steiermark,MAGesStei
Mitteilungen der Deutschen Orient-Gesellschaft zu Berlin,MDOG
Mitteilungen der Österreichischen Numismatischen Gesellschaft,MÖNumGes
Mitteilungen der Prähistorischen Kommission der Österreichischen Akademie der Wissenschaften,MPrähistKomWien
Mitteilungen des Archäologischen Instituts der Ungarischen Akademie der Wissenschaften,MAInstUngAk
Mitteilungen des Deutschen Archäologen-Verbandes e.V.,MDAVerb
Mitteilungen des Deutschen Archäologischen Instituts,MdI
"Mitteilungen des Deutschen Archäologischen Instituts, Abteilung Kairo",MDAIK
"Mitteilungen des Deutschen Archäologischen Instituts, Athenische Abteilung",AM
"Mitteilungen des Deutschen Archäologischen Instituts, Römische Abteilung",RM
Mitteilungen des Instituts für Orientforschung,MIO
Mitteilungen des Kunsthistorischen Institutes in Florenz,MKuHistFlorenz
Mitteilungen zur christlichen Archäologie,MitChrA
Mitteilungen zur frühchristlichen Archäologie in Österreich,MFrühChrÖ
Mitteilungen zur Kulturkunde,MKul
Mitteilungen zur spätantiken Archäologie und byzantinischen Kunstgeschichte,MSpätAByz
Mitteilungen. Leichtweiss-Institut für Wasserbau der Technischen Universität Braunschweig,MInstWasser
Mitteilungsblatt der Schweizerischen Gesellschaft für Ur- und Frühgeschichte,MSchwUrFrühGesch
Mitteilungsblatt für Vor- und Frühgeschichte,MBlVFrühGesch
Mnemosyne. A Journal of Classical Studies,Mnemosyne
Monografie della Scuola archeologica di Atene e delle missioni italiane in Oriente,MSAtene
Monumenta artis Romanae,MAR
Monumenta Asiae Minoris antiqua. Publications of the American Society for Archaeological Research in Asia Minor,MAMA
Monumenti antichi,MonAnt
Monumenti della pittura antica scoperti in Italia,MonPitt
Monumenti inediti pubblicati dall’Istituto Archeologico,MonInst
Monuments et mémoires. Fondation E. Piot,MonPiot
A Móra Ferenc múzeum évkönyve,MuzEvkSzeged
Μουσείο Μπενάκη,MusBenaki
Mozia. Rapporto preliminare della missione congiunta con la Soprintendenza alle antichità della Sicilia occidentale,Mozia
Münchener Studien zur Sprachwissenschaft,MünchStSprWiss
Münchner Beiträge zur Vor- und Frühgeschichte,MünchBeitrVFG
Münchner Jahrbuch der bildenden Kunst,MüJb
Münstersche Beiträge zur antiken Handelsgeschichte,MBAH
Münzen und Medaillen,MuM
"Muse. Annual of the Museum of Art and Archaeology, University of Missouri, Columbia",Muse
Museen in Köln. Bulletin,MusKöln
Musei e gallerie d’Italia,MusGalIt
Musei Ferraresi. Bollettino annuale,MusFerr
Museo civico Pontecorvo. Quaderni,QuadMusPontecorvo
El Museo de Pontevedra,MusPontevedra
Museo de Zaragoza. Boletín,BMusZaragoza
Museo in rivista. Notiziario dei Musei civici di Pavia,MusRiv
Le Muséon. Revue d’études orientales,Muséon
Museum Africum. West African Journal of Classical and Related Studies,MusAfr
Museum criticum,MusCrit
"Museum Haaretz, Tel Aviv. Yearbook",MusHaaretz
Museum Helveticum,MusHelv
Museum Notes. American Numismatic Society,ANSMusNotes
Museum Notes. The American Numismatic Society,MusNotAmNumSoc
Museum Tusculanum. København,MusTusc
Museum. A Quarterly Review Published by UNESCO,MuseumUnesco
Muzei i pametnici na kulturata,MuzPamKul
Muzeul naţional. Bucureşti,MuzNaţ
Nachrichten der Akademie der Wissenschaften in Göttingen. Philologisch-Historische Klasse,NAWG
Nachrichten von der Gesellschaft der Wissenschaften zu Göttingen. Philologisch-Historische Klasse,NGWG
Nachrichtenblatt Arbeitskreis Unterwasserarchäologie,NachrArbUWA
Napoli nobilissima,NapNobil
Nassauische Annalen,NassAnn
Neue Ephemeris für semitische Epigraphik,NEphemSemEpigr
Der Neue Pauly. Enzyklopädie der Antike,DNP
News Bulletin and Calendar. Worcester Art Museum,NBWorcArtMus
Newsletter of the Netherlands Institute at Athens,NewsletterAthen
"Newsletter. Department of Pottery Technology, University of Leiden",NewsletterPotTech
Nigeria and the Classics,NigCl
Nikephoros. Zeitschrift für Sport und Kultur im Altertum,Nikephoros
Nin. Journal of Gender Studies in Antiquity,Nin
Νομισματικά Χρονικά. Περιοδική Έκδωσις της Ελληνικής Νομισματικής Εταιρείας,NomChron
"Norba. Revista de arte, geografía e historia",Norba
Nordisk numismatisk årsskrift. Utgiven av Kungliga vitterhets historie och antikvitets akademien i samarbete med Nordisk numismatisk union,NordNumArs
Noticiario arqueológico hispánico. Arqueología,NotAHisp
Noticiario arqueológico hispánico. Prehistoria,NotAHispPrehistoria
"Notiziario. Museo civico, Associazione archeologica, Allumiere",NotAllumiere
Notiziario. Soprintendenza archeologica della Lombardia,NotALomb
Notizie archeologiche bergomensi. Periodico di archeologia del Civico museo archeologico di Bergamo,NotABerg
Notizie dal chiostro del monastero maggiore. Rassegna di studi del Civico museo archeologico e del Civico gabinetto numismatico di Milano,NotMilano
Notizie degli scavi di antichità,NSc
La nouvelle Clio,NouvClio
Novaensia. Badania Ekspedycji archeologicznej Uniwersytetu warszawskiego w Novae,Novaensia
Nubia christiana,NubChr
Nubian Letters,NubLet
"Nürnberger Blätter zur Archäologie. Publikationsreihe des Bildungszentrums der Stadt Nürnberg, Fachbereich Archäologie",NüBlA
Numantia. Investigaciones arqueológicas en Castilla y León,Numantia
Numen. International Review for the History of Religions,Numen
Numisma. Revista de la Sociedad iberoamericana de estudios numismáticos,Numisma
The Numismatic Chronicle. The Journal of the Royal Society,NumChron
Numismatica e antichità classiche. Quaderni ticinesi,NumAntCl
Numismatica. Periodico di cultura e di informazione numismatica,NumismaticaRom
Numismatische Zeitschrift,NumZ
Numizmatičar. Casopis za anticki i stari jugoslavenski novac,Numizmatičar
Numizmatika i epigrafika,NumEpigr
Nummus. Sociedade portuguesa de numismatica,Nummus
Nuovi annali della Facoltà di magistero dell’Università di Messina,AnnMessMag
Nuovi studi fanesi,NStFan
Nuovo bullettino archeologico sardo,BASard
Nuovo Didaskaleion,NuovDidask
Occasional Publications in Classical Studies,OccasPublClSt
Occident and Orient,OccOr
"Offa. Berichte und Mitteilungen zur Urgeschiche, Frühgeschichte und Mittelalterarchäologie",Offa
Ogam. Bulletin des Amis de la tradition celtique,Ogam
Oikumene. Studia ad historiam antiquam classicam et orientalem pertinentia,Oikumene
Olba. Mersin Üniversitesi Kilikia Arkeolojisini Araştırma Merkezi yayınları,Olba
Olympia. Die Ergebnisse der von dem Deutschen Reich veranstalteten Ausgrabung (Berlin 1890–1897),Olympia
Olympische Forschungen,OF
Opus. Rivista internazionale per la storia economica e sociale dell’antichità,Opus
Opuscula Atheniensia,OpAth
Opuscula Instituti Romani Finlandiae,OpFin
Opuscula Pompeiana,OpPomp
Opuscula Romana,OpRom
Orbis terrarum. Internationale Zeitschrift für historische Geographie der Alten Welt,OrbTerr
Ordona. Rapports et études,Ordona
Oriens antiquus. Rivista del Centro per le antichità e la storia dell’arte del Vicino Oriente,OrAnt
Oriens christianus,OrChr
Orient. The Reports of the Society for Near Eastern Studies in Japan,Orient
Oriental Institute Publications,OIP
Orientalia (Pontificio Istituto biblico),Or
Orientalia christiana periodica,OrChrPer
"Orientalia Suecana. An International Journal of Indological, Iranian, Semitic, Turkic Studies",OrSu
Orientalistische Literaturzeitung,OLZ
Orient-Archäologie,OrA
Origini. Preistoria e protostoria delle civiltà antiche,Origini
Orizzonti. Rassegna di archeologia,Orizzonti
"Orpheus. Journal of Indo-European, Palaeo-Balkan and Thracian Studies",OrpheusThracSt
Orpheus. Rivista di umanità classica e cristiana,Orpheus
Osječki zbornik,OsjZbor
"Ostbairische Grenzmarken. Passauer Jahrbuch für Geschichte, Kunst und Volkskunde",OstbGrenzm
"Österreichische Akademie der Wissenschaften, Philosophisch-Historische Klasse. Denkschriften",DenkschrWien
Österreichische Akademie der Wissenschaften. Almanach,AlmanachWien
Ostraka. Rivista di antichità,Ostraka
Oudheidkundige mededelingen uit het Rijksmuseum van oudheden te Leiden,OudhMeded
Oxford Journal of Archaeology,OxfJA
Oxford Studies in Ancient Philosophy,OxfStPhilos
"Pact. Revue du Groupe européen d’études pour les techniques physiques, chimiques et mathématiques appliquées à l’archéologie",Pact
"Padusa. Bolletino del Centro polesano di studi storici, archeologici ed etnografici, Rovigo",Padusa
Pagine di archeologia. Studi e materiali,PagA
Paideuma. Mitteilungen zur Kulturkunde,Paideuma
Palaeohistoria. Acta et communicationes Instituti bio-archaeologici Universitatis Groninganae,Palaeohistoria
Paleohispánica. Revista sobre lenguas y culturas de la Hispania antigua,Paleohispánica
Palestine Exploration Quarterly,PEQ
Palladio. Rivista di storia dell’architettura,Palladio
Pallas. Revue d’études antiques,Pallas
Palmet. Sadberk Hanım Müzesi yıllığı,Palmet
Památky archeologické,PamA
Pan. Studi dell’Istituto di filologia latina,Pan
Papeles Bilbilitanos,PapBilb
Papers of the British School at Rome,BSR
Papyri. Bollettino del Museo del papiro,Papyri
Papyrologica Lupiensia,PLup
La parola del passato,PP
Partenope. Rivista trimestrale di cultura napoletana,Partenope
Parthica. Incontri di culture nel mondo antico,Parthica
"Pauly, Der Neue: Der Neue Pauly. Enzyklopädie der Antike",DNP
Paulys Realencyclopädie der classischen Altertumswissenschaft,RE
Pegasus. Berliner Beiträge zum Nachleben der Antike,Pegasus
Pergamenische Forschungen,PF
Peristil. Zbornik radova za povijest umjetnosti,Peristil
"Persica. Jaarboek van het Genootschap Nederland-Iran, Stichting voor culturele betrekkingen",Persica
"Peuce. Studii şi comunicări de istorie veche, arheologie şi numismatică",Peuce
Pharos. Journal of the Netherlands Institute at Athens,Pharos
Philologus. Zeitschrift für das klassische Altertum,Philologus
Phoenix. Bulletin uitgegeven door het Vooraziatisch-Egyptisch Genootschap »Ex Oriente Lux«,PhoenixExOrLux
Phoenix. The Journal of the Classical Association of Canada,Phoenix
Phoibos. Bulletin du Cercle de philologie classique et orientale de l’Université libre de Bruxelles,Phoibos
Phronesis. A Journal for Ancient Philosophy,Phronesis
Picus. Studi e ricerche sulle Marche nell’antichità,Picus
Πλάτον. Δελτίον της Εταιρείας Ελλήνων Φιλολόγων,Platon
Πολέμων. Αρχαιολογικόν Περιοδικόν,Polemon
Polevye archeologičeskie issledovanija,PAI
Polis. Revista de ideas y formas políticas de la antigüedad clásica,Polis
Polish Archaeology in the Mediterranean,PolAMed
Pompei. Pitture e mosaici. Enciclopedia dell’arte anticaclassica e orientale,PPM
"Pompeii, Herculaneum, Stabiae. Bolletino. Associazione internazionale Amici di Pompei",PompHercStab
"Pontica. Studii şi materiale de istorie, arheologie şi muzeografie, Constanţa",Pontica
Portugália. Revista do Instituto de arqueologia da Faculdade de letras da Universidade do Porto,Portugalia
Prace archeologiczne,PraceA
Prace i materialy Muzeum archeologicznego i etnograficznego w Łodzi,PraceMatŁodz
Prähistorische Archäologie in Südosteuropa,PAS
Prähistorische Bronzefunde,PBF
Praehistorische Zeitschrift,PZ
Πρακτικά της Ακαδημίας Αθηνών,PraktAkAth
Πρακτικά της εν Αθήναις Αρχαιολογικής Εταιρείας,Prakt
Preistoria alpina. Museo tridentino di scienze naturali,PreistAlp
Prilozi Instituta za arheologiju u Zagrebu,PriloziZagreb
Principe di Viana,PrincViana
Pro Austria Romana,AustrRom
"Problemi na izkustvoto. Trimesecno spisanie za estetika, teorija, istorija i kritika na izkustvoto",ProblIsk
The Proceedings of the African Classical Associations,ProcAfrClAss
Proceedings of the Cambridge Philological Society,ProcCambrPhilSoc
Proceedings of the Danish Institute at Athens,ProcDanInstAth
Proceedings of the Prehistoric Society,ProcPrehistSoc
Prometheus. Rivista quadrimestrale di studi classici,Prometheus
Propyläen Kunstgeschichte,PKG
Prosopographia Imperii Romani,PIR
Prospettiva. Rivista di storia dell’arte antica e moderna,Prospettiva
Prospezioni archeologiche. Quaderni,ProspAQuad
Prospezioni. Bollettino di informazioni scientifiche,Prospezioni
Provence historique,ProvHist
La provincia di Lucca,ProvLucca
Publicaciones de la Institución »Tello Téllez de Meneses«,PublInstTTMeneses
Pulpudeva. Semaines philippopolitaines de l’histoire et de la culture thrace,Pulpudeva
Puteoli. Studi di storia antica,Puteoli
Pyrenae. Crónica arqueológica,Pyrenae
Quaderni aquileiesi,QuadAquil
Quaderni catanesi di studi classici e medievali,QuadCat
Quaderni d’archeologia reggiana,QuadAReggio
"Quaderni del Dipartimento delle arti, Università della Calabria",QuadACal
Quaderni del Gruppo archeologico ostigliese,QuadAOst
Quaderni del Museo archeologico regionale Antonino Salinas,QuadMusSalinas
Quaderni della Soprintendenza archeologica del Piemonte,QuadAPiem
"Quaderni dell’Istituto di archeologia e storia antica, Università di Chieti",QuadChieti
Quaderni dell’Istituto di filologia greca,QuadIstFilGr
"Quaderni dell’Istituto di lingua e letteratura latina, Università di Roma",QuadIstLat
Quaderni di archeologia del Mantovano,QuadAMant
Quaderni di archeologia del Veneto,QuadAVen
Quaderni di archeologia della Libia,QuadALibya
"Quaderni di archeologia, Università di Messina",QuadAMess
Quaderni di Gerico,QuadGerico
Quaderni di protostoria. Università di Perugia,QuadProtost
Quaderni di storia,QuadStor
Quaderni erbesi. Civico museo archeologico di Erba,QuadErb
Quaderni friulani di archeologia,QuadFriulA
Quaderni storici,QuadStorici
Quaderni urbinati di cultura classica,QuadUrbin
Quaderni. Centro studi lunensi,QuadStLun
"Quaderni. Istituto di lingue e letterature classiche, Facoltà di magistero, Università degli studi, Lecce",QuadLecce
Quaderni. Soprintendenza archeologica per la provincie di Cagliari e Oristano,QuadACagl
Quaderns d’arqueologia i història de la ciutat (Barcelona),QuadABarcel
Quaderns de prehistòria i arqueologia de Castelló,QuadCast
The Quarterly of the Department of Antiquities in Palestine,QDAP
Quaternaria. Storia naturale e culturale del quaternario,Quaternaria
Radiocarbon. An International Journal of Cosmogenic Isotope Research,Radiocarbon
"Radovi Zavoda za povijesne znanosti, Hrvatska akademija znanosti i umjetnosti u Zadru",RadAkZadar
Radovi. Razdio povijesnih znanosti,RadSplit
Raggi. Zeitschrift für Kunstgeschichte und Archäologie,Raggi
Raporty wykopaliskowe,RapWyk
Rassegna del Lazio,RassLazio
Rassegna di archeologia. Associazione archeologica piombinese,RassAPiomb
Rassegna storica salernitana,RassStorSalern
Rassegna volterrana,RassVolt
Ratiariensia. Studi e materiali mesici e danubiani,Ratiariensia
Ravenna studi e ricerche,RavStRic
Raydan. Journal of the Ancient Yemeni Antiquities and Epigraphy,Raydan
Realencyclopädie: Paulys Realencyclopädie der classischen Altertumswissenschaft,RE
Reallexikon der Assyriologie und vorderasiatischen Archäologie,RlA
Reallexikon für Antike und Christentum,RAC
Reallexikon zur byzantinischen Kunst,RBK
Recerques del Museu d’Alcoi,RecMusAlcoi
Recherches albanologiques,RechAlb
Recherches archéologiques. Institut d’archéologie de l’Université de Cracovie,RechACrac
Recueil de travaux relatifs á philologie et l’archéologie égyptiennes et assyriennes,RecTrav
Recueil des notices et memoires de la Société archéologique du département de Constantine,RecConstantine
Rei Cretariae Romanae Fautores. Communicationes,ReiCretCommunic
Rei Cretariae Romanae Fautorum acta,ReiCretActa
"Ρήμα. Mitteilungen zur indogermanischen, vornehmlich indo-iranischen Wortkunde sowie zur holothetischen Sprachtheorie",Rema
"Rendiconti della Accademia di archeologia, lettere e belle arti, Napoli",RendNap
"Rendiconti dell’Accademia nazionale dei Lincei, Classe di scienze morali, storiche e filologiche",RendLinc
Rendiconti. Atti della Pontificia accademia romana di archeologia,RendPontAc
"Rendiconti. Classe di lettere e scienze morali e storiche, Istituto lombardo, Accademia di scienze e lettere",RendIstLomb
Répertoire d’épigraphie sémitique (Paris 1900–1950),RES
"Report of the Department of Antiquities, Cyprus",RDAC
"Report on the Working of the Museum Department, Malta, Department of Information",RepMalta
Reppal. Revue des études phénicienne-puniques et des antiquités libyques,Reppal
Revista atlántica-mediterránea de prehistoria y arqueología social,RAtlMed
Revista da Facultade de letras. Serie de historia. Universidade do Porto,RPorto
Revista de arqueología,RAMadrid
Revista d’arqueologia de Ponent,RAPon
"Revista de archivos, bibliotecas y museos",RArchBiblMus
Revista de estudios Ibéricos,REstIber
Revista de Guimarães,RGuimar
Revista portuguesa de arqueologia,RPortA
Revue archéologique,RA
Revue archéologique de l’Est et du Centre-Est,RAE
Revue archéologique de Narbonnaise,RANarb
Revue archéologique du Centre de la France,RACFr
Revue belge de numismatique et de sigillographie,RBelgNum
Revue belge de philologie et d’histoire,RBelgPhilHist
Revue biblique,RB
Revue d’archéométrie,RArcheom
Revue d’assyriologie et d’archéologie orientale,RAssyr
Revue d’égyptologie (Kairo),RdE
Revue de la Saintonge et de l’Aunis,RSaintonge
Revue de l’histoire des religions,RHistRel
"Revue de philologie, de littérature et d’histoire anciennes",RPhil
Revue des archéologues et historiens d’art de Louvain,RAArtLouv
La revue des arts. Musées de France,RArtMus
Revue des études anciennes,REA
Revue des études arméniennes,REtArm
Revue des études byzantines,REByz
Revue des études géorgiennes et caucasiennes,RGeorgCauc
Revue des études grecques,REG
Revue des études latines,REL
Revue du Louvre. La revue des musées de France,RLouvre
Revue égyptologique (Paris),RevEg
Revue historique des armées,RHistArmées
Revue hittite et asianique,RHA
Revue internationale des droits de l’antiquité,RDroitsAnt
Revue numismatique,RNum
Das Rheinische Landesmuseum Bonn. Berichte aus der Arbeit des Museums,RheinMusBonn
Rheinisches Museum für Philologie,RhM
Ricerche di egittologia e di antichità copte,RicEgAntCopt
"Ricerche e studi. Museo Francesco Ribezzo, Brindisi",RicStBrindisi
Ricognizioni archeologiche,RicognA
Rivista archeologica dell’antica provincia e diocesi di Como,RAComo
Rivista degli studi orientali,RSO
Rivista dell’Istituto nazionale d’archeologia e storia dell’arte,RIA
Rivista di archeologia,RdA
Rivista di archeologia cristiana,RACr
Rivista di cultura classica e medioevale,RCulClMedioev
Rivista di filologia e di istruzione classica,RFil
Rivista di scienze preistoriche,RScPreist
Rivista di studi bizantini e neoellenici,RStBiz
Rivista di studi classici,RStCl
Rivista di studi fenici,RStFen
Rivista di studi liguri,RStLig
Rivista di studi marchigiani,RStMarch
Rivista di studi pompeiani,RStPomp
Rivista di studi punici,RStPun
Rivista di topografia antica,RTopAnt
Rivista Ingauna e Intemelia,RIngIntem
Rivista italiana di numismatica e scienze affini,RItNum
Rivista storica calabrese,RStorCal
Rivista storica dell’antichità,RStorAnt
Rocznik Muzeum narodowego w Warszawie,RoczMuzWarsz
Römisch-Germanische Forschungen,RGF
Das römische Herrscherbild,Herrscherbild
Römische Quartalschrift für christliche Altertumskunde und Kirchengeschichte,RömQSchr
Römisches Österreich. Jahresschrift der Österreichischen Gesellschaft für Archäologie,RömÖ
Romana gens. Bollettino dell’Associazione archeologica romana,RomGens
Romanobarbarica. Contributi allo studio dei rapporti culturali tra il mondo latino e mondo barbarico,Romanobarbarica
Roman Provincial Coinage,RPC
"Roscher, W. H., Ausführliches Lexikon der griechischen und römischen Mythologie","Roscher, ML"
Rossijskaja archeologija,RossA
Rudiae. Ricerche sul mondo classico,Rudiae
Saalburg-Jahrbuch. Bericht des Saalburg-Museums,SaalbJb
Saarbrücker Beiträge zur Altertumskunde,SaarBeitr
Saarbrücker Studien und Materialien zur Altertumskunde,SaarStMat
Sacer. Bollettino della Associazione storica saccarese,Sacer
Saeculum. Jahrbuch für Universalgeschichte,Saeculum
Saggi fenici,SaggiFen
Saguntum. Papeles del Laboratorio de arqueología de Valencia,Saguntum
"Saitabi. Noticiario de historia, arte y arqueología de Levante",Saitabi
Salduie. Estudios de prehistoria y arqueología,Salduie
Samothrace. Excavations Conducted by the Institute of Fine Arts of New York University,Samothrace
"Sandalion. Quaderni di cultura classica, cristiana e medievale",Sandalion
Sardis. Publications of the American Society for the Excavation of Sardis,Sardis
Sargetia. Acta Musei regionalis Devensis,Sargetia
Sarkophag-Studien,SarkSt
Sautuola. Revista del Instituto de prehistoria y arqueologia Sautuola,Sautuola
Savaria. Bulletin der Museen des Komitats Vas,Savaria
"Sborník prací Filozofické fakulty Brněnské univerzity. M, Rada archeologická",SborBrno
Schild von Steier. Beiträge zur Steirischen Vor- und Frühgeschichte und Münzkunde,SchildStei
Scholia. Natal Studies in Classical Antiquity,Scholia
Schriften des Zentrums für Archäologie und Kulturgeschichte des Schwarzmeerraumes,ZAKSSchriften
Schweizer Münzblätter,SchwMüBl
Schweizerische numismatische Rundschau,SchwNumRu
"Scienze dell’antichità. Storia, archeologia, antropologia",ScAnt
Scripta classica Israelica. Yearbook of the Israel Society for the Promotion of Classical Studies,ScrClIsr
"Scripta Hierosolymitana. Publications of the Hebrew University, Jerusalem",ScrHieros
"Scripta mediterranea. Bulletin of the Society for Mediterranean Studies, Toronto",ScrMed
Scrittura e civiltà,ScrCiv
Seminari romani di cultura greca,SeminRom
Semitica. Cahiers publiés par l’Institut d’Études sémitiques du College de France. Avec le concours du Centre national de la recherche scientifique,Semitica
Setúbal arqueológica,SetubalA
Sibrium. Collana di studi e documentazioni,Sibrium
Sicilia archeologica,SicA
Siculorum gymnasium,SicGymn
Sileno. Rivista di studi classici e cristiani,Sileno
"Silk Road Art and Archaeology. Journal of the Institute of Silk Road Studies, Kamakura",SilkRoadArtA
Simblos. Scritti di storia antica,Simblos
"Sitzungsberichte der Deutschen Akademie der Wissenschaften zu Berlin. Klasse für Sprache, Literatur und Kunst",SBBerlin
Sitzungsberichte der Sächsischen Akademie der Wissenschaften zu Leipzig,SBLeipzig
Sitzungsberichte. Österreichische Akademie der Wissenschaften,SBWien
Skrifter utgivna av Svenska institutet i Rom. Opuscula archaeologica,OpArch
Skyllis. Zeitschrift für Unterwasserarchäologie,Skyllis
Slovenská archeológia,SlovA
Slovenská numizmatika,SlovNum
(Bulletin trimestriel de la) Société de géographie et d’archéologie (de la province) d’Oran,SocGeoAOran
"von Soden, W., Akkadisches Handwörterbuch (Wiesbaden 1965–1981)",AHw
"Sonderschriften des Deutschen Archäologischen Instituts, Abteilung Kairo",SDAIK
Soobščenija Gosudarstvennogo Ėrmitaža,SoobErmit
Soobščenija Gosudarstvennogo muzeja izobrazitel’nych isskustv imeni A. S. Puškina,SoobMuzMoskva
Sovetskaja archeologija,SovA
Spal. Revista de prehistoria y arqueología de la Universidad de Sevilla,Spal
Specimina nova dissertationum ex Instituto historico Universitatis Quinqueecclesiensis de Iano Pannonio nominatae,SpNov
"Spoletium. Rivista di arte, storia, cultura",Spoletium
Städel-Jahrbuch,StädelJb
Stadion. Internationale Zeitschrift für Geschichte des Sports,Stadion
Starinar. Arheološki institut Beograd,Starinar
Stiftung zur Förderung der Hamburgischen Kunstsammlungen. Erwerbungen,StiftHambKuSamml
Strenna dei romanisti,StrennaRom
Studi bitontini,StBitont
Studi classici e orientali,StClOr
Studi di antichità. Università di Lecce,StAnt
Studi di egittologia e di antichità puniche,StEgAntPun
Studi e documenti di archeologia,StDocA
Studi e materiali di storia delle religioni,StMatStorRel
Studi e materiali. Soprintendenza ai beni archeologici per la Toscana,SteMat
Studi eblaiti,StEbla
Studi epigrafici e linguistici sul Vicino Oriente antico,StEpigrLing
Studi etruschi,StEtr
Studi genuensi,StGenu
Studi italiani di filologia classica,StItFilCl
Studi latini e italiani,StLatIt
Studi magrebini,StMagreb
Studi micenei ed egeo-anatolici,SMEA
Studi romagnoli,StRomagn
Studi romani,StRom
Studi salentini,StSalent
Studi sardi,StSard
Studi storico-religiosi,StStorRel
Studi sull’Oriente cristiano,StOrCr
Studi tardoantichi,StTardoant
Studi trentini di scienze storiche. Sezione seconda,StTrentStor
"Studi urbinati. B, Scienze umane. 3, Linguistica, letteratura, arte",StUrbin
Studia Aegyptiaca. Budapest,StAeg
Studia Albanica,StAlb
Studia archaeologica,StA
"Studia archeologiczne. Uniwersytet Warszawski, Instytut archeologii",StAWarsz
Studia et documenta historiae et iuris,StDocHistIur
Studia historica. Historia antigua,StHist
Studia Oliveriana,StOliv
"Studia orientalia, Helsinki",StOr
Studia papyrologica,StP
Studia Troica,StTroica
Studien zu den Bogazköy-Texten,StBoT
Studien zur altägyptischen Kultur,SAK
Studien zur Archäologie und Geschichte Altägyptens,SAGA
Studies in Mediterranean Archaeology,SIMA
Studii clasice. Societatea de studii clasice din Republica socialistă Romănia,StCl
Studii şi cercetări de istorie veche şi arheologie,StCercIstorV
Studii şi cercetări de numismatică,StCercNum
Studium biblicum Franciscanum. Liber annuus,StBiFranc
Sumer. A Journal of Archaeology (and History) in Iraq,Sumer
Supplementum epigraphicum Graecum,SEG
The Swedish Cyprus Expedition,SCE
Sylloge nummorum Graecorum,SNG
"Sylva Mala. Bollettino del Centro di studi archeologici di Boscoreale, Boscotrecase e Trecase",Sylva Mala
Symbolae Osloenses,SymbOslo
Syria. Revue d’art oriental et d’archéologie,Syria
Syro-Mesopotamian Studies,SyrMesopSt
Tabula Imperii Byzantini,TIB
Τάλαντα. Proceedings of the Dutch Archaeological and Historical Society,Talanta
Taras. Rivista di archeologia,Taras
Teheraner Forschungen,TeherF
Teiresias. A Review and Continuing Bibliography of Boiotian Studies,Teiresias
Tel Aviv. Journal of the Institute of Archaeology of Tel Aviv University,TelAvivJA
Terra dei Volsci. Annali del Museo archeologico di Frosinone,TerraVolsci
Teruel. Instituto de estudios turolenses,Teruel
Textiles anciens. Bulletin du Centre international d’étude des textiles anciens,TextilAnc
Theologische Rundschau,TheolRu
Thesaurus Cultus et Rituum Antiquorum,ThesCRA
Θεσσαλικά,Thessalika
Η Θεσσαλονίκη,Thessalonike
"Thieme, U. – Becker, F. (Hrsg.), Allgemeines Lexikon der bildenden Künstler",Thieme – Becker
"Thompson, M. – Kraay, C. M. – Mørkholm, O., An Inventory of Greek Coin Hoards (New York 1973)",IGCH
Θρακικά Χρονικά,ThrakChron
Θρακική Επετηρίδα,ThrakEp
"Tibiscus. Istorie, arheologie. Muzeul Banatului Timişoara",Tibiscus
Tierras de León,TiLeon
Tijdschrift voor Mediterrane archeologie,TMA
Tiryns. Forschungen und Berichte,Tiryns
Τόποι. Orient – Occident,Topoi
La torretta. Rivista quadrimestrale a cura della Biblioteca comunale di Blera,Torretta
"La Tour de l’Orle-d’Or, Semur-en-Auxois",TourOrleOr
Trabajos de arqueología de Navarra,TrabNavarra
Trabajos de prehistoria,TrabPrehist
Trabalhos da associação dos arqueólogos portugueses,TrabAssArqPort
Trabalhos de antropologia e etnologia,TrabAntrEtn
Trabalhos de arqueologia,TrabArq
"Traditio. Studies in Ancient and Medieval History, Thought and Religion",Traditio
Transactions and Proceedings of the American Philological Association,TransactAmPhilAss
Transactions of the American Philosophical Society,TransactAmPhilosSoc
Transactions of the London and Middlesex Archaeological Society,TransactLond
"Travaux de l’Institut d’art préhistorique, Université de Toulouse − Le Mirail",TravToulouse
"Travaux et mémoires. Centre de recherche d’histoire et civilisation byzantine, Paris",TravMem
"Trendall, A. D., The Red-figured Vases of Lucania, Campania and Sicily (Oxford 1967–1983)",LCS
Trésors monétaires,TreMonet
Tribuna d’arqueologia,TribArq
Trierer Winckelmannsprogramme,TrWPr
Trierer Zeitschrift für Geschichte und Kunst des Trierer Landes und seiner Nachbargebiete,TrZ
Trudy Gosudarstvennogo Ėrmitaža,TrudyErmit
Tübinger Atlas des Vorderen Orients,TAVO
Türk arkeoloji dergisi,TAD
Türk Tarih Kurumu yayınları,TTKY
Türkiye Bilimler Akademisi arkeoloji dergisi,TüBA-Ar
"Tyche. Beiträge zur Alten Geschichte, Papyrologie und Epigraphik",Tyche
Ugarit-Forschungen. Internationales Jahrbuch für die Altertumskunde Syrien-Palästinas,UF
Universitätsforschungen zur Prähistorischen Archäologie,UPA
L’Urbe. Rivista romana,L’Urbe
Ur-Schweiz. La Suisse primitive,UrSchw
Varstvo spomenikov,VarSpom
Vekove. Dvumesečno spisanie. Bălgarsko istoričesko družestvo,Vekove
"Veleia. Revista de prehistoria, historia antigua, arqueología y filología clásicas",Veleia
Venezia arti. Bolletino del Dipartimento di storia e critica delle arti dell’Università di Venezia,VenArt
"Verbanus. Rassegna per la cultura, l’arte, la storia del lago",Verbanus
Veröffentlichungen der Gesellschaft Pro Vindonissa,VGesVind
Vestnik drevnej istorii,VDI
Vetera christianorum,VeteraChr
Vichiana. Rassegna di studi filologici e storici,Vichiana
Vicino Oriente,VicOr
Vigiliae christianae,VigChr
Viminacium. Zbornik radova Narodnog muzeja,Viminacium
Visible Religion,VisRel
Vivarium Scyllacense. Bollettino dell’Istituto di studi su Cassiodoro e sul Medioevo in Calabria,VivScyl
Vizantijskij vremennik,VizVrem
Vjesnik Arheološkog muzeja u Zagrebu,VjesAMuzZagreb
Vjesnik za arheologiju i historiju dalmatinsku. Bulletin d’archéologie et d’histoire dalmates,VjesDal
Vorläufiger Bericht über die von dem Deutschen Archäologischen Institut und der Deutschen Orient-Gesellschaft aus den Mitteln der Deutschen Forschungsgemeinschaft unternommenen Ausgrabungen in Uruk-Warka,UVB
Wad-al-Hayara. Revista de estudios de la Institución provincial de cultura »Marqués de Santillana« de Guadalajara,Wad-al-Hayara
The Walters Art Gallery Bulletin,BWaltersArtGal
Die Welt als Geschichte,WeltGesch
Die Welt des Orients. Wissenschaftliche Beiträge zur Kunde des Morgenlandes,WO
Wiadomości archeologiczne. Bulletin archéologique polonais,WiadA
Wiener Studien,WSt
Wiener Zeitschrift für die Kunde des Morgenlandes,WZKM
Winckelmannsprogramm der Archäologischen Gesellschaft zu Berlin,BWPr
"Wissenschaftliche Mitteilungen des Bosnischen Landesmuseums, A. Archäologie",WissMBosn
Wissenschaftliche Veröffentlichungen der Deutschen Orient-Gesellschaft,WVDOG
Wissenschaftliche Zeitschrift der Friedrich-Schiller-Universität Jena,WissZJena
Wissenschaftliche Zeitschrift der Humboldt-Universität zu Berlin. Gesellschafts- und sprachwissenschaftliche Reihe,WissZBerl
Wissenschaftliche Zeitschrift der Universität Rostock,WissZRostock
Wissenschaftliche Zeitschrift. Martin-Luther-Universität Halle-Wittenberg,WissZHalle
World Archaeology,WorldA
Würzburger Jahrbücher für die Altertumswissenschaft,WürzbJb
Xenia antiqua,XeniaAnt
Xenia. Konstanzer althistorische Vorträge und Forschungen,XeniaKonst
Xenia. Semestrale di antichità,Xenia
Yale Classical Studies,YaleClSt
Yale University Art Gallery Bulletin,YaleUnivB
Zbornik Instituta za historijske nauke u Zadru,ZborZadar
Zbornik Narodnog muzeja Beograd,ZborMuzBeograd
"Zbornik radova Vizantološkog instituta. Recueil des travaux de l’Institut d’études byzantines, Beograd",ZborRadBeograd
Zeitschrift der Deutschen Morgenländischen Gesellschaft,ZDMG
Zeitschrift der Savigny-Stiftung für Rechtsgeschichte. Romanistische Abteilung,ZSav
Zeitschrift des Deutschen Palästina-Vereins,ZDPV
Zeitschrift für ägyptische Sprache und Altertumskunde,ZÄS
Zeitschrift für antikes Christentum,ZAntChr
Zeitschrift für Archäologie,ZfA
Zeitschrift für Archäologie Außereuropäischer Kulturen,ZAAK
Zeitschrift für Assyriologie und vorderasiatische Archäologie,ZA
Zeitschrift für die alttestamentliche Wissenschaft,ZAW
Zeitschrift für die neutestamentliche Wissenschaft und die Kunde der älteren Kirche,ZNW
"Zeitschrift für Ethnologie der Deutschen Gesellschaft für Völkerkunde und der Berliner Gesellschaft für Anthropologie, Ethnologie und Urgeschichte",ZEthn
Zeitschrift für Kunstgeschichte,ZKuGesch
Zeitschrift für Numismatik,ZfNum
Zeitschrift für Papyrologie und Epigraphik,ZPE
Zeitschrift für Schweizerische Archäologie und Kunstgeschichte,ZSchwA
Zeitschrift für vergleichende Sprachforschung,ZVerglSprF
Zephyrus. Revista de prehistoria y arqueología,Zephyrus
Živa antika. Antiquité vivante,ŽivaAnt
